HUM,TEMP,CO2,HUM(out),TEMP(out),HUMBtn,TEMPBtn
91.1,22.3,421,59.2,32.3,1,1
93.7,22.3,420,58.8,32.2,1,1
,,,,,0,
94.6,22,422,59.3,32.3,0,1
,,,,,0,
93.9,21.8,422,58.8,32.3,0,1
,,,,,0,
,,,,,,0
90.8,21.6,422,59.3,32.2,0,0
,,,,,,0
90.3,21.8,422,59.2,32.2,0,0
90.8,22,422,59.1,32.2,0,0
91.7,22.2,423,59.1,32.2,0,0
92.6,22.4,423,59.1,32.2,0,0
,,,,,0,
93.5,22.7,424,59.2,32.2,0,0
,,,,,0,
94,22.9,427,59.4,32.2,0,0
,,,,,0,
94.4,23.1,426,59.8,32.2,0,0
,,,,,0,
94.6,23.2,426,59.8,32.2,0,0
,,,,,0,
94.7,23.4,426,60,32.2,0,0
,,,,,0,
94.6,23.6,426,60,32.2,0,0
,,,,,0,
94.5,23.8,426,59.5,32.2,0,0
,,,,,0,
,,,,,,1
94.2,23.8,427,60,32.2,0,1
,,,,,0,
,,,,,,
87.6,23.7,428,59.9,32.2,0,1
,,,,,1,
83.8,23.9,427,60.1,32.2,1,1
,,,,,1,
,,,,,,1
91,24,425,60,32.2,1,1
,,,,,,1
92.6,23.8,426,60.1,32.2,1,1
,,,,,0,
,,,,,,
93.6,23.5,428,59.7,32.2,0,1
,,,,,0,
,,,,,,1
89.5,23,429,60.1,32.2,0,1
84.2,22.9,432,60.4,32.2,0,1
,,,,,1,
84,23,434,60,32.2,1,1
,,,,,1,
90.4,23.1,434,59.3,32.2,1,1
92.9,22.9,434,59.3,32.2,1,1
,,,,,0,
93.9,22.6,433,59.6,32.2,0,1
,,,,,0,
92.3,22.3,434,59.4,32.2,0,1
,,,,,0,
87.6,22.2,431,59.7,32.2,0,1
,,,,,1,
85.9,22.3,429,59.6,32.2,1,1
,,,,,1,
91.7,22.4,431,59.9,32.2,1,1
93.4,22.3,430,59.9,32.2,1,1
,,,,,0,
94.8,22.1,428,59.8,32.2,0,1
,,,,,0,
94.1,21.8,427,59.7,32.2,0,1
,,,,,0,
90.7,21.6,427,59.8,32.2,0,1
,,,,,,0
87.7,21.7,427,60,32.2,0,0
,,,,,1,
,,,,,0,0
88.8,21.9,426,60.2,32.2,1,0
,,,,,,0
93.4,22.3,426,59.5,32.2,1,0
,,,,,0,
95.3,22.5,425,59.8,32.2,0,0
,,,,,0,
96.2,22.7,426,59.8,32.1,0,0
,,,,,0,
96.9,22.9,427,59.7,32.2,0,0
,,,,,0,
97.2,23.1,426,60.2,32.1,0,0
,,,,,0,
97.5,23.2,424,60.1,32.1,0,0
,,,,,0,
97.8,23.4,426,60.1,32.1,0,0
,,,,,0,
98,23.5,428,60.1,32.1,0,0
,,,,,,
98.1,23.7,427,60.1,32.1,0,0
,,,,,0,
98.2,23.8,427,60.2,32.1,0,0
,,,,,0,
,,,,,,1
98.2,23.9,428,59.8,32.1,0,1
,,,,,0,
,,,,,,1
97.2,23.2,430,60.2,32.1,0,1
,,,,,0,
93.7,22.8,430,60,32.1,0,1
,,,,,0,
87,23,430,59.6,32.1,0,1
,,,,,1,
84.9,23.2,431,59.6,32.1,1,1
,,,,,1,
91.6,23.4,431,59.4,32.1,1,1
93.8,23.2,430,59.5,32.2,1,1
,,,,,0,
94.7,22.9,427,59.6,32.1,0,1
,,,,,0,
93.2,22.5,427,59.8,32.1,0,1
88.3,22.3,428,60.2,32.1,0,1
84.5,22.4,428,59.5,32.2,0,1
,,,,,1,
86.4,22.6,430,59.2,32.2,1,1
,,,,,1,
91.7,22.6,428,59,32.2,1,1
93.7,22.4,429,59.4,32.2,1,1
,,,,,0,
94.5,22.2,426,60.4,32.1,0,1
,,,,,,
93.8,21.8,424,60.1,32.1,0,1
,,,,,0,
90,21.7,423,60.4,32.1,0,1
,,,,,,0
87.3,21.8,423,60.3,32.1,0,0
,,,,,1,
88.4,22,422,60,32.2,1,0
92.9,22.4,423,59.1,32.1,1,0
,,,,,0,
94.7,22.5,422,60,32.1,0,0
,,,,,0,
95.9,22.7,424,59.8,32.1,0,0
,,,,,0,
96.6,22.9,427,59.1,32.1,0,0
,,,,,0,
97,23.1,429,59.4,32.1,0,0
,,,,,0,
97.3,23.2,430,60.1,32.1,0,0
,,,,,0,
97.6,23.5,433,60,32.2,0,0
,,,,,0,
97.8,23.6,432,59.2,32.1,0,0
,,,,,0,
98,23.7,433,58.9,32.1,0,0
,,,,,0,
98,23.8,434,59.7,32.2,0,0
,,,,,0,
,,,,,,1
98,23.8,436,58.6,32.2,0,1
,,,,,0,
,,,,,,1
96.3,23.2,435,60,32.2,0,1
,,,,,0,
91.1,23.1,434,59.5,32.2,0,1
84.6,23.2,433,58,32.2,0,1
,,,,,1,
84.1,23.5,432,58,32.2,1,1
,,,,,1,
89.6,23.6,433,58.2,32.2,1,1
92.3,23.4,431,58,32.2,1,1
,,,,,0,
93.5,23.2,430,58.1,32.3,0,1
,,,,,0,
90,22.6,434,57.9,32.2,0,1
85.4,22.6,434,57.6,32.2,0,1
,,,,,1,
84.8,22.7,432,57.8,32.2,1,1
91.5,22.8,431,57.6,32.3,1,1
93.2,22.6,434,57.6,32.2,1,1
,,,,,0,
94.4,22.3,435,58.1,32.3,0,1
,,,,,0,
93.1,21.9,435,57.4,32.2,0,1
,,,,,0,
89,21.8,433,58,32.3,0,1
85.7,21.9,430,57.9,32.3,0,1
,,,,,1,
,,,,,,0
86.7,22.1,432,58.2,32.3,1,0
,,,,,1,
92.7,22.4,432,57.8,32.3,1,0
,,,,,0,
94.7,22.6,430,58.4,32.3,0,0
,,,,,0,
95.8,22.8,428,58,32.3,0,0
,,,,,0,
96.4,22.9,426,58.3,32.3,0,0
,,,,,0,
96.9,23.1,426,58.3,32.3,0,0
,,,,,0,
97.3,23.3,426,58.6,32.3,0,0
,,,,,0,
97.5,23.4,425,58.1,32.3,0,0
,,,,,0,
97.8,23.6,426,58,32.3,0,0
,,,,,0,
97.9,23.7,428,58.3,32.3,0,0
,,,,,,
98,23.8,427,58.5,32.3,0,0
,,,,,0,
98.1,24,427,57.6,32.3,0,0
,,,,,0,
,,,,,,1
98.1,23.9,430,57.4,32.3,0,1
,,,,,0,
,,,,,,1
96.2,23.1,431,57.4,32.3,0,1
,,,,,0,
90.1,23.1,430,57.7,32.3,0,1
83.8,23.3,430,57.5,32.3,0,1
,,,,,1,
84.5,23.6,431,57.8,32.4,1,1
,,,,,1,
90.4,23.6,432,59.3,32.4,1,1
92.6,23.4,433,59,32.3,1,1
,,,,,0,
93.8,23.1,433,58.7,32.3,0,1
,,,,,0,
90.8,22.6,433,59,32.3,0,1
86,22.5,432,58.1,32.3,0,1
,,,,,1,
84.3,22.6,431,57.8,32.3,1,1
,,,,,1,
91.6,22.7,431,57.9,32.3,1,1
93.3,22.6,428,59.2,32.3,1,1
,,,,,0,
94.2,22.3,427,59.1,32.3,0,1
,,,,,0,
93,21.9,428,58.8,32.3,0,1
,,,,,0,
89.3,21.8,429,58.3,32.3,0,1
,,,,,,0
86.2,21.9,427,58,32.3,0,0
,,,,,1,
87.1,22.1,429,57.5,32.3,1,0
,,,,,1,
93,22.4,430,58.8,32.3,1,0
,,,,,0,
95,22.6,430,59.5,32.3,0,0
,,,,,0,
96.1,22.9,433,59.5,32.3,0,0
,,,,,0,
96.7,23,433,57.5,32.3,0,0
,,,,,0,
97,23.2,431,58.4,32.3,0,0
,,,,,0,
97.3,23.3,429,57.9,32.3,0,0
,,,,,0,
97.6,23.5,433,58.7,32.3,0,0
,,,,,0,
97.9,23.7,433,57.2,32.3,0,0
,,,,,0,
97.9,23.8,433,57.2,32.3,0,0
,,,,,0,
,,,,,,1
98,23.9,432,57.6,32.3,0,1
,,,,,0,
,,,,,,
97.5,23.4,433,58.9,32.3,0,1
,,,,,0,
95.5,22.9,434,58.7,32.3,0,1
,,,,,0,
90,22.9,436,58.4,32.3,0,1
84.6,23.1,435,58.3,32.3,0,1
,,,,,1,
81.5,23.3,438,58,32.3,1,1
,,,,,1,
90.2,23.5,437,57.9,32.3,1,1
92.3,23.3,437,58,32.3,1,1
,,,,,0,
92.9,22.9,438,57.5,32.3,0,1
,,,,,0,
89.1,22.5,439,57.1,32.3,0,1
84.7,22.5,439,57.3,32.3,0,1
,,,,,1,
83.5,22.6,437,57.5,32.3,1,1
,,,,,1,
90.4,22.7,435,57.3,32.3,1,1
93,22.5,432,57.6,32.3,1,1
,,,,,0,
94.3,22.3,434,57.5,32.2,0,1
,,,,,0,
93.1,21.9,433,57.6,32.3,0,1
,,,,,0,
88.8,21.7,433,57.2,32.2,0,1
,,,,,,
86.1,21.8,433,57.2,32.3,0,0
,,,,,1,0
86.9,22,434,57.2,32.3,1,0
,,,,,1,
92.8,22.4,431,57.6,32.2,1,0
,,,,,0,
94.9,22.5,430,57,32.3,0,0
,,,,,0,
95.9,22.7,429,56.9,32.3,0,0
,,,,,0,
96.6,22.9,430,57,32.3,0,0
,,,,,0,
97.1,23.1,429,56.5,32.3,0,0
,,,,,0,
97.3,23.3,428,56.5,32.3,0,0
,,,,,0,
97.6,23.4,430,57,32.3,0,0
,,,,,0,
97.8,23.6,430,57,32.3,0,0
,,,,,0,
97.9,23.7,430,57.3,32.3,0,0
,,,,,0,
98,23.8,431,56.7,32.3,0,0
,,,,,0,
,,,,,0,1
98,23.8,432,56.2,32.3,0,1
,,,,,0,
,,,,,,1
97.3,23.3,432,56.8,32.3,0,1
,,,,,0,
,,,,,,1
93.4,22.9,432,57.3,32.3,0,1
,,,,,0,
85,23.1,433,56.4,32.3,0,1
,,,,,1,
81.9,23.3,433,55.8,32.3,1,1
,,,,,1,
89.3,23.5,435,55.7,32.4,1,1
92.4,23.3,434,57.1,32.4,1,1
,,,,,0,
93,22.9,432,57.1,32.4,0,1
,,,,,0,
89.4,22.5,432,56.7,32.3,0,1
84.9,22.5,429,56.5,32.3,0,1
,,,,,1,
83.2,22.6,431,56.3,32.3,1,1
,,,,,1,
90.3,22.7,433,56.5,32.3,1,1
93.2,22.6,434,56.4,32.3,1,1
,,,,,0,
93.9,22.3,434,57.2,32.4,0,1
,,,,,0,
92.4,21.9,432,56.4,32.3,0,1
,,,,,0,
87.9,21.8,433,56,32.3,0,1
,,,,,1,
,,,,,,0
87.1,22,430,56,32.3,1,0
,,,,,1,
92.5,22.2,429,56.4,32.4,1,0
,,,,,0,
94.7,22.4,429,56.6,32.3,0,0
,,,,,0,
95.9,22.6,430,56.4,32.3,0,0
,,,,,0,
96.5,22.8,430,56.6,32.4,0,0
,,,,,0,
97,23,428,56.3,32.4,0,0
,,,,,0,
97.3,23.1,429,56.7,32.3,0,0
,,,,,0,
97.6,23.3,429,56.2,32.4,0,0
,,,,,0,
97.8,23.4,429,56,32.4,0,0
,,,,,,
97.9,23.6,427,56.7,32.4,0,0
,,,,,0,
98,23.7,429,57.6,32.4,0,0
,,,,,0,
98.1,23.8,428,57.3,32.3,0,0
,,,,,0,
,,,,,,1
98.1,23.8,428,57.1,32.3,0,1
,,,,,0,
,,,,,,1
97,23.2,431,56,32.3,0,1
,,,,,0,
92.5,22.9,435,56.7,32.4,0,1
,,,,,0,
85.2,23.1,435,56.4,32.4,0,1
,,,,,1,
83.5,23.3,431,57.1,32.4,1,1
,,,,,1,
89.6,23.5,430,57.7,32.3,1,1
92.2,23.4,427,57.7,32.3,1,1
,,,,,0,
93.4,23,426,57.5,32.3,0,1
,,,,,0,
89.8,22.5,425,57.1,32.3,0,1
84.9,22.5,424,57.3,32.3,0,1
,,,,,1,
83.4,22.6,422,57.5,32.3,1,1
,,,,,1,
90.5,22.7,421,58.2,32.3,1,1
92.6,22.5,421,57.8,32.3,1,1
,,,,,0,
94.2,22.2,422,57.9,32.3,0,1
,,,,,0,
93,21.8,421,58,32.3,0,1
,,,,,0,
88.8,21.7,422,57.5,32.2,0,1
85.3,21.8,423,58.1,32.2,0,1
,,,,,1,
,,,,,,0
85.2,21.9,425,58,32.2,1,0
,,,,,1,
,,,,,,0
91.7,22.2,424,57.4,32.2,1,0
94.2,22.4,423,57.2,32.2,1,0
,,,,,0,
96.1,22.6,424,57.3,32.2,0,0
,,,,,0,
96.9,22.8,424,57.6,32.3,0,0
,,,,,0,
97.2,23,424,57.4,32.2,0,0
,,,,,0,
97.5,23.2,423,58.5,32.2,0,0
,,,,,0,
97.8,23.3,423,58.4,32.2,0,0
,,,,,0,
97.9,23.5,420,57.2,32.2,0,0
,,,,,0,
98.1,23.6,423,57,32.2,0,0
,,,,,0,
98.2,23.7,424,57.2,32.3,0,0
,,,,,,
98.3,23.8,423,57,32.2,0,0
,,,,,0,
98.3,23.9,424,57.5,32.2,0,0
,,,,,0,
,,,,,,1
98.2,23.8,424,57.4,32.2,0,1
,,,,,0,
,,,,,,1
97.4,23.2,425,57,32.2,0,1
,,,,,0,
,,,,,,1
94.2,22.8,429,56.2,32.2,0,1
,,,,,0,
86,23,428,56.5,32.3,0,1
,,,,,1,
82.4,23.2,430,56.6,32.3,1,1
,,,,,1,
90.1,23.4,428,56.5,32.3,1,1
92.5,23.3,428,56.8,32.3,1,1
,,,,,0,
92.9,22.9,428,55.7,32.3,0,1
,,,,,0,
89.6,22.5,430,56.6,32.3,0,1
84.5,22.4,430,56.6,32.3,0,1
,,,,,1,
82.2,22.5,430,56.4,32.3,1,1
,,,,,1,
89.9,22.6,429,56.8,32.3,1,1
92.6,22.5,429,56.6,32.2,1,1
,,,,,0,
93.5,22.2,428,57,32.2,0,1
,,,,,0,
90.9,21.8,427,57.3,32.2,0,1
87.1,21.8,427,56.7,32.2,0,1
,,,,,1,
,,,,,,0
86.5,22,427,57,32.2,1,0
,,,,,1,
92.4,22.2,424,57.4,32.2,1,0
,,,,,0,
94.4,22.4,423,57.1,32.2,0,0
,,,,,0,
95.7,22.6,426,57.1,32.2,0,0
,,,,,0,
96.4,22.7,426,57.2,32.2,0,0
,,,,,,
96.8,22.9,427,57.2,32.2,0,0
,,,,,0,
97.2,23.1,425,56.8,32.2,0,0
,,,,,0,
97.5,23.3,426,57.1,32.2,0,0
,,,,,0,
97.7,23.4,425,57.1,32.2,0,0
,,,,,0,
97.8,23.6,427,56.9,32.2,0,0
,,,,,0,
98,23.7,429,56.4,32.2,0,0
,,,,,0,
98,23.7,428,56.7,32.3,0,0
,,,,,0,
98,23.8,432,56.5,32.3,0,0
,,,,,0,
,,,,,,1
98,23.9,432,56.7,32.3,0,1
,,,,,0,
,,,,,,1
96.4,23.3,433,56.3,32.3,0,1
,,,,,0,
,,,,,,1
90.3,23.1,432,56.2,32.3,0,1
83.7,23.3,431,57.2,32.3,0,1
,,,,,1,
83.3,23.6,432,56,32.3,1,1
89.9,23.7,432,56.4,32.3,1,1
91.7,23.5,429,56.4,32.3,1,1
93.2,23.2,430,56.1,32.3,1,1
,,,,,0,
93.9,22.9,429,56.9,32.3,0,1
,,,,,0,
92.2,22.4,429,57,32.3,0,1
,,,,,0,
87,22.3,428,57,32.3,0,1
,,,,,1,
86.3,22.4,426,57.3,32.2,1,1
,,,,,1,
91.2,22.4,426,58,32.2,1,1
93.3,22.3,427,58,32.2,1,1
,,,,,0,
94.5,22,425,58,32.2,0,1
,,,,,0,
93.3,21.6,425,57.5,32.2,0,1
,,,,,,
,,,,,,0
89.4,21.6,427,57.3,32.2,0,0
,,,,,,0
89.6,21.8,426,57.5,32.2,0,0
,,,,,,0
90.6,22,426,56.6,32.2,0,0
91.6,22.2,426,56.9,32.2,0,0
92.4,22.4,428,56.8,32.2,0,0
,,,,,0,
93.3,22.7,430,57.3,32.2,0,0
,,,,,0,
93.6,22.8,431,57.3,32.2,0,0
,,,,,0,
93.9,23,432,56.9,32.2,0,0
,,,,,0,
94.1,23.2,433,57,32.2,0,0
,,,,,0,
94.1,23.4,429,57.1,32.2,0,0
,,,,,0,
94,23.5,427,57.7,32.2,0,0
,,,,,0,
93.9,23.7,427,57.6,32.2,0,0
,,,,,0,
,,,,,,1
93.5,23.8,430,56.7,32.2,0,1
,,,,,0,
,,,,,,1
84.3,23.7,431,56.7,32.2,0,1
,,,,,1,
,,,,,,1
84.3,24,430,57,32.2,1,1
,,,,,1,
,,,,,,1
90.3,23.9,430,56.6,32.2,1,1
,,,,,,1
92.9,23.5,432,57,32.2,1,1
,,,,,0,
,,,,,,1
93.6,23.1,433,57.4,32.2,0,1
,,,,,0,
90.6,22.7,433,57.6,32.2,0,1
84.9,22.6,431,57.8,32.2,0,1
,,,,,1,
85.6,22.7,430,57.7,32.1,1,1
,,,,,1,
90.9,22.7,429,58.4,32.2,1,1
92.9,22.6,429,58.7,32.2,1,1
,,,,,0,
93.9,22.3,427,58.5,32.1,0,1
,,,,,0,
92.6,21.9,426,58.4,32.1,0,1
,,,,,0,
88.2,21.8,427,58,32.1,0,1
,,,,,,0
85.6,21.9,426,57.8,32.1,0,0
,,,,,1,
,,,,,,0
86.8,22.1,424,58,32.1,1,0
,,,,,1,
92.2,22.4,424,58.2,32.1,1,0
,,,,,0,
94.4,22.6,424,57.9,32.1,0,0
,,,,,,
95.7,22.8,426,58.5,32.1,0,0
,,,,,0,
96.3,23,425,57.6,32.1,0,0
,,,,,0,
96.9,23.1,425,58.4,32.1,0,0
,,,,,0,
97.2,23.3,423,57.8,32.1,0,0
,,,,,0,
97.5,23.5,425,58.7,32.1,0,0
,,,,,0,
97.7,23.6,426,59,32.1,0,0
,,,,,0,
97.9,23.8,427,59.2,32.1,0,0
,,,,,0,
97.9,23.8,426,58.1,32.1,0,0
,,,,,0,
,,,,,,1
98,23.9,425,58,32.1,0,1
,,,,,0,
,,,,,,1
96.9,23.3,425,57.7,32.1,0,1
,,,,,0,
,,,,,,1
91.2,23,422,58,32.1,0,1
84,23.2,422,58,32.1,0,1
,,,,,1,
82.3,23.4,422,57.7,32.1,1,1
,,,,,1,
89.9,23.5,422,58.5,32.1,1,1
92.2,23.3,421,58.4,32,1,1
,,,,,0,
93.3,22.9,421,58.3,32,0,1
,,,,,0,
87.8,22.5,419,58.9,32.1,0,1
,,,,,1,
84.4,22.5,420,59,32,1,1
,,,,,1,
91,22.6,423,58.3,32,1,1
93,22.4,424,58.4,32,1,1
,,,,,,
94.2,22.2,425,58,32,0,1
,,,,,0,
93,21.8,426,58.1,32,0,1
,,,,,0,
87.4,21.7,426,58,32,0,1
,,,,,1,
85.2,21.8,424,57.8,32,1,1
,,,,,1,
,,,,,,0
91.6,22,426,58.6,32,1,0
93.6,22.1,425,58.5,32,1,0
,,,,,0,
95.3,22.2,426,58.2,32,0,0
96.2,22.4,428,58.3,32,0,0
,,,,,0,
96.7,22.6,429,57.7,32,0,0
,,,,,0,
97,22.8,428,58.4,32,0,0
,,,,,0,
97.4,22.9,429,59.1,32,0,0
,,,,,0,
97.6,23.1,427,59.2,32,0,0
,,,,,0,
97.9,23.3,425,58.8,32,0,0
,,,,,0,
98.1,23.5,425,58.4,32,0,0
,,,,,0,
98.2,23.6,424,59.1,32,0,0
,,,,,0,
98.3,23.7,423,58.9,32,0,0
,,,,,0,
98.3,23.8,423,59.1,32,0,0
,,,,,0,
98.4,23.9,424,58.4,32,0,0
,,,,,,
,,,,,,1
98.3,23.8,425,59.3,32,0,1
,,,,,0,
,,,,,,1
97.1,23.2,428,58.8,32,0,1
,,,,,0,
,,,,,,
93.8,22.9,429,58.5,32,0,1
,,,,,0,
86.6,23.1,430,58.8,32,0,1
,,,,,1,
82.5,23.3,430,58.8,32.1,1,1
,,,,,1,
90.2,23.5,430,58.6,32,1,1
92.3,23.4,427,58.7,32,1,1
,,,,,0,
93.5,23.1,426,59,32,0,1
,,,,,0,
91.1,22.6,425,58.7,32,0,1
85.4,22.5,427,59,32,0,1
,,,,,1,
85.2,22.6,428,58.8,32,1,1
,,,,,1,
90.7,22.7,427,58.7,32,1,1
93.5,22.5,427,58.7,32,1,1
,,,,,0,
94,22.3,425,58.8,32,0,1
,,,,,0,
92.9,21.9,426,58.8,32,0,1
,,,,,0,
88.7,21.7,425,58.7,32,0,1
,,,,,,0
85.9,21.8,424,58.9,31.9,0,0
,,,,,1,
,,,,,,0
86.5,22,424,58.4,31.9,1,0
,,,,,1,
92.7,22.3,424,58.3,31.9,1,0
,,,,,0,
94.7,22.5,422,57.9,32,0,0
,,,,,0,
95.7,22.7,422,57.9,32,0,0
,,,,,0,
96.5,22.8,422,58.1,32,0,0
,,,,,0,
96.9,23,420,58,32,0,0
,,,,,,
97.2,23.2,421,57.7,32,0,0
,,,,,0,
97.5,23.3,421,58.5,32,0,0
,,,,,0,
97.8,23.5,423,58.4,32,0,0
,,,,,0,
97.9,23.6,423,58.6,32,0,0
,,,,,0,
98.1,23.8,423,58.9,32,0,0
,,,,,0,
98.2,23.9,425,58.6,32,0,0
,,,,,,
,,,,,,1
98.2,24,425,58.8,32,0,1
,,,,,0,
,,,,,,1
98.3,24.2,426,59.3,31.9,0,1
,,,,,0,
,,,,,,1
98.4,24.4,427,58.4,32,0,1
,,,,,0,
,,,,,,1
98,24.1,430,58.5,32,0,1
,,,,,0,
,,,,,,1
95,23.5,429,58.4,32,0,1
,,,,,,
,,,,,,1
86.6,23.5,431,58.7,31.9,0,1
,,,,,1,
,,,,,,1
84.4,23.7,429,57.7,31.9,1,1
,,,,,1,
,,,,,,
89.3,23.9,432,58.3,31.9,1,1
92,23.7,430,59.4,31.9,1,1
,,,,,,1
93.2,23.4,430,59.8,31.9,1,1
,,,,,0,
93.8,23,430,60.1,31.9,0,1
,,,,,0,
91.2,22.6,432,59.8,31.9,0,1
86.2,22.5,431,58.7,31.9,0,1
,,,,,1,
84,22.6,429,59.2,31.8,1,1
,,,,,1,
90.7,22.7,432,58.1,31.9,1,1
93.3,22.6,434,58.8,31.9,1,1
,,,,,0,
93.8,22.3,432,59.2,31.9,0,1
,,,,,0,
92.4,21.9,431,59.1,31.9,0,1
,,,,,0,
87.5,21.8,430,59.4,31.9,0,1
,,,,,1,
,,,,,,0
85.6,21.9,431,59.1,31.9,1,0
,,,,,1,
,,,,,,0
91.1,22.2,432,58.6,31.9,1,0
93.8,22.4,430,57.4,31.9,1,0
,,,,,0,
95.4,22.6,430,58.4,31.9,0,0
,,,,,0,
96.3,22.8,431,58.1,31.9,0,0
,,,,,0,
96.9,23,434,58,31.9,0,0
,,,,,0,
97.2,23.1,433,58.2,31.9,0,0
,,,,,0,
97.4,23.2,435,57.7,31.9,0,0
,,,,,0,
97.6,23.3,434,57.8,31.9,0,0
,,,,,0,
97.8,23.4,436,58.7,31.9,0,0
,,,,,0,
97.9,23.5,437,58.8,31.9,0,0
,,,,,0,
98.1,23.7,437,59.1,31.9,0,0
,,,,,0,
98.2,23.8,436,58.2,31.9,0,0
,,,,,0,
98.3,23.9,434,58.8,31.9,0,0
,,,,,0,
98.4,24,436,57.4,31.9,0,0
,,,,,0,
98.6,24.1,435,58.5,31.9,0,0
,,,,,0,
,,,,,,1
98.5,24.1,435,57.7,31.9,0,1
,,,,,0,
,,,,,,1
97.3,23.3,436,58.2,31.9,0,1
,,,,,0,
93.3,23,437,59.2,31.9,0,1
,,,,,0,
86.3,23.1,435,58.6,31.9,0,1
,,,,,1,
83.7,23.4,434,57.4,31.9,1,1
,,,,,1,
89.9,23.6,432,58.4,31.9,1,1
92.6,23.4,432,58.4,31.9,1,1
,,,,,0,
93.1,23.1,432,58.9,31.9,0,1
,,,,,0,
89,22.6,432,58.4,31.9,0,1
84.6,22.5,430,58.2,31.9,0,1
,,,,,1,
82.4,22.6,430,57.9,31.9,1,1
,,,,,1,
89.7,22.7,428,57.2,31.9,1,1
92.5,22.5,429,57.3,31.9,1,1
,,,,,0,
93.8,22.2,427,57.1,31.9,0,1
,,,,,0,
92.5,21.9,425,58.6,31.9,0,1
,,,,,0,
88,21.8,425,57.1,31.9,0,1
84.5,21.8,425,58,31.9,0,1
,,,,,1,
,,,,,,0
85.5,21.9,424,58.7,31.9,1,0
,,,,,1,
,,,,,,0
92,22.2,422,58.1,31.9,1,0
94.2,22.4,423,57.6,31.9,1,0
,,,,,0,
95.9,22.6,424,58.1,31.9,0,0
96.6,22.8,424,57.7,31.9,0,0
,,,,,0,
97,22.9,425,58,31.9,0,0
,,,,,0,
97.3,23,423,57.5,31.9,0,0
,,,,,0,
97.5,23.1,424,57.9,31.8,0,0
,,,,,0,
97.7,23.3,423,57.8,31.8,0,0
,,,,,0,
97.9,23.4,423,56.6,31.8,0,0
,,,,,0,
98.1,23.5,424,57.2,31.9,0,0
,,,,,0,
98.2,23.6,423,58,31.8,0,0
,,,,,0,
98.3,23.7,423,58.2,31.9,0,0
,,,,,0,
98.4,23.8,425,58.3,31.8,0,0
,,,,,0,
98.5,24,425,57.6,31.8,0,0
,,,,,0,
98.6,24.1,428,56.6,31.8,0,0
,,,,,0,
,,,,,,1
98.6,24.1,428,56.7,31.9,0,1
,,,,,0,
,,,,,,1
98.3,23.9,428,58.1,31.8,0,1
,,,,,0,
,,,,,,1
98.4,24.1,428,58,31.8,0,1
,,,,,0,
,,,,,,1
98.5,24.3,427,57.5,31.8,0,1
,,,,,0,
,,,,,,1
98.6,24.6,427,57.2,31.8,0,1
,,,,,0,
,,,,,,
98.2,24.3,429,56.5,31.8,0,1
,,,,,0,
96.4,23.7,429,57,31.9,0,1
,,,,,0,
,,,,,,1
92.2,23.5,428,56.9,31.9,0,1
,,,,,0,
,,,,,,1
82.7,23.7,428,56.7,31.8,0,1
,,,,,1,
,,,,,,1
83.5,24,427,55.9,31.8,1,1
,,,,,1,
,,,,,,1
90.4,23.9,425,57.3,31.9,1,1
,,,,,,1
92,23.6,423,56.9,31.9,1,1
92.5,23.3,422,56.6,31.9,1,1
,,,,,0,
93.2,23,424,56.7,31.8,0,1
,,,,,0,
90.1,22.5,425,57.2,31.9,0,1
84.8,22.4,426,57.4,31.9,0,1
,,,,,0,
82.5,22.5,423,57.2,31.9,1,1
,,,,,1,
90,22.6,424,56.2,31.9,1,1
92.4,22.4,423,57.1,31.9,1,1
,,,,,0,
93.7,22.1,424,56.8,31.9,0,1
,,,,,,
91.4,21.7,425,56.2,31.9,0,1
,,,,,,0
87.3,21.7,426,57.1,31.9,0,0
,,,,,,
,,,,,,0
89.7,22,422,57.5,31.9,1,0
93.3,22.2,421,57.3,31.8,1,0
,,,,,0,
95,22.4,421,56.8,31.9,0,0
,,,,,0,
95.8,22.6,421,56.7,31.9,0,0
,,,,,0,
96.5,22.7,422,57.2,31.9,0,0
,,,,,0,
96.9,22.9,421,57.2,31.9,0,0
,,,,,0,
97.1,23,423,56.9,31.8,0,0
,,,,,0,
97.4,23.2,421,57.5,31.8,0,0
,,,,,,
97.6,23.3,421,58,31.8,0,0
,,,,,0,
97.8,23.4,419,58,31.8,0,0
,,,,,0,
97.9,23.5,421,57.7,31.8,0,0
,,,,,0,
98.1,23.6,423,56.9,31.8,0,0
,,,,,0,
98.2,23.7,424,56,31.9,0,0
,,,,,0,
98.3,23.9,425,57.2,31.9,0,0
,,,,,0,
98.4,24,423,56.9,31.9,0,0
,,,,,0,
,,,,,,0
98.4,24,423,57.5,31.9,0,1
,,,,,0,
,,,,,,1
97.4,23.5,422,56.6,31.9,0,1
,,,,,0,
,,,,,,1
93.3,23,422,56.6,31.9,0,1
,,,,,0,
84.7,23.2,421,57.2,32,0,1
,,,,,1,
80.4,23.4,420,57,32,1,1
,,,,,1,
89,23.6,422,57.2,32,1,1
91.5,23.4,423,57.3,31.9,1,1
92.6,23.2,419,56.7,31.9,1,1
,,,,,0,
93.4,22.8,417,57.1,31.9,0,1
,,,,,0,
90.1,22.3,416,56.4,31.9,0,1
85.2,22.2,417,55.9,31.9,0,1
,,,,,1,
83.8,22.3,415,56.1,31.9,1,1
,,,,,1,
90.6,22.4,415,55.1,31.9,1,1
92.6,22.2,414,56.7,31.9,1,1
,,,,,0,
93.8,22,415,56.6,32,0,1
,,,,,0,
92.2,21.6,417,56.7,31.9,0,1
,,,,,0,
,,,,,,0
87.9,21.5,419,56.4,31.9,0,0
,,,,,1,
,,,,,,0
89.4,21.8,417,56.5,31.9,1,0
,,,,,,
93.1,22,417,57.1,31.9,1,0
,,,,,0,
95.2,22.2,418,56.2,31.9,0,0
,,,,,0,
96,22.4,419,56.1,31.9,0,0
,,,,,0,
96.5,22.6,420,55.9,31.9,0,0
,,,,,0,
96.9,22.7,419,56.2,31.9,0,0
,,,,,0,
97.2,22.9,422,56.3,31.9,0,0
,,,,,0,
97.4,23,422,55.9,31.9,0,0
,,,,,0,
97.6,23.2,423,56.2,31.9,0,0
,,,,,0,
97.8,23.2,423,56.6,31.8,0,0
,,,,,,
98,23.4,423,55.1,31.9,0,0
,,,,,0,
98.1,23.5,426,55.5,31.9,0,0
,,,,,0,
98.2,23.6,427,56.4,31.9,0,0
,,,,,0,
98.4,23.7,426,56.6,31.9,0,0
,,,,,0,
98.4,23.8,427,56.2,31.9,0,0
,,,,,0,
98.5,24,427,56.5,31.9,0,0
,,,,,0,
,,,,,,1
98.5,24,428,56.2,31.9,0,1
,,,,,0,
,,,,,,1
98.2,24,427,56.1,31.9,0,1
,,,,,0,
,,,,,,1
98.2,24.1,427,55.4,31.9,0,1
,,,,,0,
,,,,,,1
98.2,24.4,430,57.2,31.9,0,1
,,,,,0,
,,,,,,1
98.1,24.5,431,56.8,31.9,0,1
,,,,,0,
96.1,24,431,56.4,31.9,0,1
,,,,,0,
,,,,,,1
90.3,23.8,431,56.6,31.9,0,1
,,,,,,1
83.4,23.9,431,55.4,31.9,0,1
,,,,,1,
,,,,,,
80,24.1,430,56.1,31.9,1,1
,,,,,1,
,,,,,,1
88.4,24.2,425,57.1,31.9,1,1
,,,,,,1
91.8,23.8,424,57,31.9,1,1
,,,,,,1
93,23.4,425,56.7,31.9,1,1
,,,,,,
93.5,23,426,55.6,31.9,0,1
,,,,,0,
90.6,22.5,423,56.2,31.9,0,1
84.5,22.4,420,55.3,31.9,0,1
,,,,,1,
84,22.6,418,54.9,31.9,1,1
,,,,,1,
90.1,22.6,418,56,31.9,1,1
92.1,22.5,421,55.9,31.9,1,1
,,,,,0,
93.1,22.2,418,56.2,31.9,0,1
,,,,,0,
91.4,21.9,419,55.9,32,0,1
86,21.7,421,55.1,31.9,0,1
,,,,,1,
,,,,,,0
86.9,21.8,422,55.8,31.9,1,0
,,,,,1,
,,,,,,0
92.4,22.1,422,55.6,31.9,1,0
,,,,,0,
94.9,22.3,424,55.7,31.9,0,0
,,,,,0,
95.8,22.5,425,55.2,32,0,0
,,,,,0,
96.3,22.7,427,55.4,32,0,0
,,,,,0,
96.7,22.8,427,55.7,32,0,0
,,,,,0,
97,23,426,56,31.9,0,0
,,,,,0,
97.3,23.1,426,55.9,31.9,0,0
,,,,,0,
97.5,23.2,427,56.5,31.9,0,0
,,,,,0,
97.7,23.3,428,56.4,31.9,0,0
,,,,,0,
97.8,23.4,428,55.6,31.9,0,0
,,,,,0,
98,23.5,427,56.8,31.9,0,0
,,,,,0,
98.1,23.6,427,56.5,31.9,0,0
,,,,,0,
98.2,23.8,428,56.3,32,0,0
,,,,,0,
98.3,23.9,427,55.9,32,0,0
,,,,,0,
98.4,24,428,55.8,32,0,0
,,,,,,
,,,,,,1
98.3,23.9,429,55.6,32,0,1
,,,,,0,
,,,,,,1
96.6,23.4,430,55.8,32.1,0,1
,,,,,0,
,,,,,,
91.9,23.1,430,55.8,32.1,0,1
84.4,23.3,431,55.6,32.1,0,1
,,,,,1,
81.1,23.5,430,55.4,32.1,1,1
,,,,,1,
89,23.7,430,55.4,32.1,1,1
91.7,23.6,431,55.8,32.1,1,1
93,23.3,430,55.9,32.1,1,1
,,,,,0,
93.5,23,431,55.7,32.1,0,1
,,,,,0,
90.1,22.5,431,54.6,32.1,0,1
84.9,22.4,428,55.5,32.1,0,1
,,,,,1,
83.5,22.4,427,55.2,32.1,1,1
,,,,,1,
90.4,22.6,426,56,32.2,1,1
93.1,22.4,425,55.6,32.2,1,1
,,,,,0,
94,22.1,425,56.2,32.1,0,1
,,,,,0,
92.4,21.8,424,55.4,32.2,0,1
,,,,,0,
87.8,21.6,420,54.9,32.2,0,1
,,,,,1,
,,,,,,0
87.4,21.8,421,54.6,32.2,1,0
,,,,,1,
,,,,,,0
92.7,22.1,420,55.6,32.2,1,0
,,,,,0,
95.2,22.3,420,55.1,32.2,0,0
,,,,,,
96.1,22.6,423,55,32.2,0,0
,,,,,0,
96.6,22.7,423,55.1,32.2,0,0
,,,,,,
96.9,22.9,422,55.8,32.2,0,0
,,,,,0,
97.3,23,423,56.2,32.2,0,0
,,,,,0,
97.5,23.2,421,54.8,32.2,0,0
,,,,,0,
97.6,23.3,421,55.1,32.2,0,0
,,,,,0,
97.8,23.4,422,50.4,32.2,0,0
,,,,,0,
98,23.5,423,55,32.1,0,0
,,,,,0,
98.1,23.6,424,55.4,32.1,0,0
,,,,,0,
98.2,23.7,424,55.6,32.1,0,0
,,,,,0,
98.2,23.8,426,55,32.1,0,0
,,,,,,
98.4,23.9,427,55.5,32.1,0,0
,,,,,0,
98.4,24,425,56.7,32.1,0,0
,,,,,0,
,,,,,,1
98.3,23.9,425,55.5,32.1,0,1
,,,,,0,
,,,,,,1
95.2,23.2,427,54.9,32.1,0,1
,,,,,0,
,,,,,,1
86.3,23.3,427,55.9,32.1,0,1
,,,,,1,
84.5,23.6,430,54.9,32.1,1,1
,,,,,,
90,23.6,431,55.1,32.1,1,1
,,,,,,1
92.5,23.4,430,56.7,32.1,1,1
,,,,,0,
93.1,23.1,430,54.8,32.2,0,1
,,,,,0,
89.6,22.6,431,55.6,32.1,0,1
84.2,22.5,431,54.9,32.2,0,1
,,,,,1,
84.5,22.6,428,56.1,32.1,1,1
,,,,,1,
90.3,22.7,430,55.9,32.2,1,1
92.2,22.5,431,56.4,32.2,1,1
,,,,,0,
93.7,22.2,429,56.3,32.2,0,1
,,,,,,
92,21.8,429,56,32.2,0,1
87.5,21.6,428,55.4,32.2,0,1
,,,,,1,
,,,,,,0
86.9,21.8,426,55.7,32.1,1,0
,,,,,1,
,,,,,,0
92.6,22.1,426,54.8,32.2,1,0
,,,,,0,
94.7,22.3,427,54.2,32.2,0,0
,,,,,,
95.7,22.5,428,55.1,32.2,0,0
,,,,,0,
96.5,22.7,427,55.2,32.2,0,0
,,,,,,
96.8,22.8,426,55.3,32.2,0,0
,,,,,0,
97.1,23,427,55.3,32.2,0,0
,,,,,,
97.4,23.1,427,55.5,32.2,0,0
,,,,,0,
97.6,23.2,427,55.4,32.2,0,0
,,,,,,
97.8,23.3,429,55.7,32.2,0,0
,,,,,0,
97.9,23.4,430,56,32.2,0,0
,,,,,0,
98,23.5,430,55.9,32.2,0,0
,,,,,0,
98.1,23.7,431,55.8,32.2,0,0
,,,,,0,
98.3,23.8,432,56,32.2,0,0
,,,,,0,
98.3,23.9,430,56,32.2,0,0
,,,,,0,
98.4,24,430,55.5,32.2,0,0
,,,,,0,
,,,,,,1
98.4,24,432,55.5,32.2,0,1
,,,,,0,
,,,,,,1
97.5,23.7,432,55.1,32.2,0,1
,,,,,0,
,,,,,,1
97.3,24,433,55.3,32.2,0,1
,,,,,0,
,,,,,,
97.2,24.2,433,55.2,32.1,0,1
,,,,,0,
97.3,24.5,433,53.9,32.2,0,1
,,,,,0,
,,,,,,1
97.2,24.6,434,55.4,32.1,0,1
,,,,,0,
,,,,,,1
93.2,24.2,435,55,32.1,0,1
,,,,,0,
,,,,,,1
82.9,24.1,436,55.2,32.1,0,1
,,,,,1,
,,,,,,1
83.3,24.3,436,55.2,32.1,1,1
,,,,,1,
,,,,,,1
89.4,24.2,436,54.9,32.1,1,1
,,,,,,1
92.1,23.8,433,54.9,32.1,1,1
,,,,,0,
,,,,,,1
92.7,23.4,432,54.4,32.1,0,1
,,,,,0,
89.1,22.9,430,54.4,32.1,0,1
82.8,22.8,429,54.7,32.1,0,1
,,,,,1,
83.2,22.9,429,55.5,32.2,1,1
,,,,,1,
89.9,22.9,430,55.6,32.1,1,1
92.5,22.7,431,55.4,32.2,1,1
,,,,,0,
93.5,22.3,430,55.6,32.2,0,1
,,,,,0,
91,21.9,429,55.9,32.2,0,1
86.1,21.8,430,55.1,32.2,0,1
,,,,,0,
,,,,,,0
85.3,22,432,55.3,32.1,1,0
,,,,,1,
91.1,22.2,430,55.3,32.2,1,0
93.8,22.4,427,55.1,32.2,1,0
,,,,,0,
95.2,22.6,427,54.7,32.2,0,0
,,,,,0,
96.1,22.8,429,55.7,32.2,0,0
,,,,,0,
96.6,22.8,427,55.5,32.2,0,0
,,,,,0,
97,23,427,54.7,32.1,0,0
,,,,,0,
97.2,23.1,427,55.2,32.1,0,0
,,,,,0,
97.5,23.3,429,55.2,32.1,0,0
,,,,,0,
97.7,23.4,429,55.5,32.1,0,0
,,,,,0,
97.8,23.5,430,55,32.1,0,0
,,,,,0,
98,23.7,429,55.3,32.2,0,0
,,,,,0,
98.2,23.8,431,54.8,32.2,0,0
,,,,,,
98.3,23.9,434,54.7,32.2,0,0
,,,,,0,
98.4,24,433,54,32.3,0,0
,,,,,0,
,,,,,,1
98.3,23.9,432,54.9,32.3,0,1
,,,,,0,
,,,,,,1
97,23.2,431,54.4,32.3,0,1
,,,,,0,
92.6,22.9,429,54.4,32.3,0,1
,,,,,0,
84.7,23,429,54.8,32.3,0,1
,,,,,1,
82.3,23.3,429,54.9,32.3,1,1
,,,,,1,
89,23.5,431,55.4,32.3,1,1
91.7,23.3,428,55.4,32.3,1,1
93.1,23,429,55.6,32.3,1,1
,,,,,0,
93.5,22.6,428,54.9,32.3,0,1
,,,,,0,
90.3,22.2,428,54.6,32.3,0,1
84.9,22.1,432,54.8,32.3,0,1
,,,,,1,
83.3,22.3,435,54.5,32.3,1,1
,,,,,1,
91.1,22.4,433,55.3,32.3,1,1
92.9,22.2,433,54.5,32.3,1,1
,,,,,0,
93.7,21.9,432,54.7,32.3,0,1
,,,,,0,
92.2,21.6,431,54.8,32.3,0,1
,,,,,,
,,,,,,0
87.8,21.5,428,54.6,32.3,0,0
,,,,,1,
,,,,,,0
88.6,21.8,428,55.9,32.3,1,0
,,,,,,0
93,22,429,54.1,32.3,1,0
,,,,,0,
94.7,22.3,429,54.7,32.3,0,0
,,,,,0,
95.7,22.4,426,54.7,32.3,0,0
,,,,,0,
96.3,22.6,426,54.8,32.3,0,0
,,,,,0,
96.7,22.7,428,54.6,32.3,0,0
,,,,,,
97,22.8,427,54.8,32.3,0,0
,,,,,0,
97.3,23,429,55.5,32.3,0,0
,,,,,0,
97.6,23.1,431,55.4,32.3,0,0
,,,,,0,
97.8,23.2,430,55.2,32.3,0,0
,,,,,0,
97.9,23.4,432,54.9,32.3,0,0
,,,,,0,
98,23.5,432,54.9,32.3,0,0
,,,,,0,
98.2,23.6,433,55.4,32.3,0,0
,,,,,0,
98.2,23.7,433,55.4,32.3,0,0
,,,,,0,
98.4,23.8,433,55.1,32.3,0,0
,,,,,0,
98.4,23.9,433,54.9,32.4,0,0
,,,,,0,
,,,,,,1
98.4,24,433,54.6,32.4,0,1
,,,,,0,
,,,,,,1
96.6,23.3,437,54.9,32.4,0,1
,,,,,0,
90.8,23.2,437,54.6,32.4,0,1
83,23.3,437,54.6,32.4,0,1
,,,,,1,
80.9,23.5,434,54.2,32.4,1,1
,,,,,1,
88.6,23.7,434,53.2,32.4,1,1
91.2,23.6,432,53.4,32.4,1,1
92.7,23.3,432,53.4,32.4,1,1
,,,,,0,
93,22.8,435,52.7,32.4,0,1
,,,,,0,
87.8,22.4,436,54,32.4,0,1
,,,,,,
84,22.4,441,53.9,32.3,1,1
,,,,,1,
90.1,22.5,444,53.6,32.3,1,1
92.2,22.3,445,54.1,32.3,1,1
,,,,,0,
93.3,22,443,53.5,32.3,0,1
,,,,,0,
90.9,21.6,444,53.6,32.4,0,1
,,,,,,0
86.7,21.6,443,55.1,32.4,0,0
,,,,,1,
,,,,,,0
87.4,21.8,441,55.4,32.4,1,0
,,,,,1,
,,,,,,
92.5,22.1,442,54.7,32.4,1,0
,,,,,0,
94.4,22.3,444,54.5,32.4,0,0
,,,,,0,
95.5,22.4,446,55.1,32.4,0,0
,,,,,0,
96.1,22.5,447,54.7,32.4,0,0
,,,,,0,
96.6,22.7,449,55.1,32.4,0,0
,,,,,0,
96.9,22.8,447,55.2,32.4,0,0
,,,,,0,
97.1,23,447,54.4,32.4,0,0
,,,,,0,
97.5,23.1,446,54.2,32.3,0,0
,,,,,0,
97.7,23.2,445,54.7,32.4,0,0
,,,,,0,
97.8,23.3,446,54.8,32.4,0,0
,,,,,0,
98,23.5,447,54.5,32.4,0,0
,,,,,,
98.1,23.6,449,54.8,32.4,0,0
,,,,,0,
98.2,23.7,448,54.9,32.4,0,0
,,,,,0,
98.4,23.9,448,54.7,32.4,0,0
,,,,,0,
98.4,23.9,448,55,32.4,0,0
,,,,,0,
,,,,,,1
98.2,23.9,452,54.9,32.4,0,1
,,,,,0,
,,,,,,1
95,23.1,451,54.3,32.4,0,1
,,,,,0,
87.2,23.2,451,53.5,32.5,0,1
,,,,,,
81.7,23.4,451,53.6,32.5,1,1
,,,,,1,
89.4,23.7,448,54,32.5,1,1
,,,,,,1
91.9,23.5,447,54.5,32.5,1,1
92.9,23.2,445,54.1,32.5,1,1
,,,,,0,
93.5,22.9,442,54.9,32.5,0,1
,,,,,0,
89.7,22.4,439,53.2,32.5,0,1
84.5,22.3,437,53.4,32.5,0,1
,,,,,1,
82.6,22.4,437,53.1,32.5,1,1
,,,,,1,
90.7,22.5,438,53.5,32.5,1,1
93,22.3,437,53,32.5,1,1
,,,,,0,
93.7,22.1,434,53.1,32.5,0,1
,,,,,0,
91.4,21.6,435,52.7,32.5,0,1
,,,,,,0
86.8,21.5,435,53.1,32.6,0,0
,,,,,1,
,,,,,,0
90,21.8,432,53,32.6,1,0
,,,,,,0
93.6,22.1,433,52.4,32.6,1,0
,,,,,0,
95.3,22.3,434,52.7,32.5,0,0
,,,,,0,
96.2,22.5,436,52.7,32.6,0,0
,,,,,0,
96.7,22.7,436,53.2,32.6,0,0
,,,,,0,
97.2,22.8,436,53,32.6,0,0
,,,,,0,
97.5,23,435,53.5,32.6,0,0
,,,,,0,
97.7,23.1,435,53.8,32.6,0,0
,,,,,0,
97.8,23.2,437,54,32.6,0,0
,,,,,0,
98,23.4,438,53.9,32.5,0,0
,,,,,0,
98.1,23.5,436,53.6,32.5,0,0
,,,,,0,
98.3,23.6,437,53.1,32.6,0,0
,,,,,0,
98.3,23.8,439,53.4,32.6,0,0
,,,,,0,
98.4,23.8,440,53.1,32.6,0,0
,,,,,0,
98.5,23.9,439,52.7,32.6,0,0
,,,,,,
,,,,,,1
98.4,23.9,439,52.7,32.7,0,1
,,,,,0,
,,,,,,
97.5,23.3,437,52.8,32.7,0,1
,,,,,,
,,,,,,1
93.5,23,438,52.5,32.7,0,1
,,,,,0,
85.6,23.1,435,52.3,32.7,0,1
,,,,,,
82.8,23.4,435,52.1,32.7,1,1
,,,,,1,
89.3,23.6,435,52.8,32.8,1,1
92.1,23.5,431,52.6,32.7,1,1
,,,,,0,
92.9,23.2,430,52,32.8,0,1
,,,,,0,
89.4,22.7,428,52.2,32.8,0,1
83.2,22.6,425,52.3,32.8,0,1
,,,,,1,
81.4,22.7,425,51.9,32.8,1,1
,,,,,1,
90.6,22.8,424,51.3,32.8,1,1
92,22.6,424,52.4,32.8,1,1
93.4,22.4,426,52,32.9,1,1
,,,,,0,
94.3,22.1,425,51.7,32.8,0,1
,,,,,,
93.1,21.8,425,52,32.8,0,1
,,,,,0,
88.2,21.6,423,51.6,32.8,0,1
,,,,,,0
84.8,21.7,422,52.1,32.8,0,0
,,,,,1,
,,,,,,0
86.4,21.9,423,52.5,32.8,1,0
,,,,,1,
,,,,,,0
92.8,22.3,424,51.6,32.8,1,0
,,,,,0,
94.9,22.5,424,51.8,32.9,0,0
,,,,,0,
95.8,22.7,425,51.6,32.9,0,0
,,,,,0,
96.5,22.8,424,51.9,32.9,0,0
,,,,,0,
96.9,23,423,52.2,32.8,0,0
,,,,,0,
97.2,23.1,425,52.1,32.8,0,0
,,,,,0,
97.4,23.2,423,51.2,32.8,0,0
,,,,,0,
97.7,23.4,424,52.3,32.8,0,0
,,,,,0,
97.9,23.5,425,52.5,32.9,0,0
,,,,,0,
98,23.6,427,51.8,32.8,0,0
,,,,,,
98,23.7,426,52.5,32.9,0,0
,,,,,0,
98.1,23.8,426,52.7,32.8,0,0
,,,,,0,
98.2,24,428,52.7,32.8,0,0
,,,,,0,
,,,,,,1
98.3,24,426,52.7,32.8,0,1
,,,,,0,
,,,,,,1
96.3,23.3,427,51.7,32.8,0,1
,,,,,0,
,,,,,,1
87.9,23.2,427,51.6,32.8,0,1
,,,,,1,
84.4,23.5,428,52.3,32.8,1,1
,,,,,1,
90.4,23.7,428,52.1,32.8,1,1
,,,,,,1
92,23.5,428,52.4,32.8,1,1
93,23.2,426,51.7,32.8,1,1
,,,,,0,
93.2,22.8,427,51.8,32.7,0,1
,,,,,0,
89.3,22.4,428,52.3,32.8,0,1
83.3,22.3,428,52.6,32.8,0,1
,,,,,1,
80.7,22.4,428,51.8,32.7,1,1
,,,,,,
88.9,22.5,429,51.8,32.7,1,1
91.8,22.4,430,52.2,32.7,1,1
93.1,22.2,432,52.1,32.7,1,1
,,,,,0,
93.9,21.8,432,53.1,32.7,0,1
,,,,,0,
91.6,21.5,431,52.7,32.7,0,1
,,,,,,0
87.4,21.4,434,52.7,32.7,0,0
,,,,,1,
,,,,,,
88.1,21.6,433,52.2,32.7,1,0
,,,,,,
92.5,21.9,431,52.5,32.7,1,0
,,,,,0,0
94.5,22.1,430,52.7,32.7,0,0
,,,,,0,
95.7,22.3,431,52,32.6,0,0
,,,,,0,
96.2,22.4,434,53.2,32.6,0,0
,,,,,0,
96.7,22.5,432,52.7,32.6,0,0
,,,,,0,
97,22.7,434,53,32.6,0,0
,,,,,0,
97.2,22.8,431,52.8,32.6,0,0
,,,,,0,
97.5,23,433,52.9,32.6,0,0
,,,,,0,
97.7,23.1,434,52.5,32.6,0,0
,,,,,0,
97.9,23.2,430,53,32.6,0,0
,,,,,0,
98.1,23.4,430,53.4,32.6,0,0
,,,,,0,
98.2,23.5,430,52.8,32.6,0,0
,,,,,0,
98.3,23.7,432,52.3,32.6,0,0
,,,,,0,
98.3,23.7,433,52.9,32.6,0,0
,,,,,,
98.4,23.8,436,53.3,32.6,0,0
,,,,,0,
98.4,23.9,437,52.3,32.6,0,0
,,,,,0,
,,,,,,1
98,23.8,432,52.5,32.7,0,1
,,,,,0,
,,,,,,1
93.5,23.3,434,51.8,32.7,0,1
,,,,,0,
,,,,,,1
84.1,23.4,434,52.4,32.7,0,1
,,,,,1,
,,,,,,1
82.4,23.8,437,53.1,32.7,1,1
,,,,,1,
,,,,,,1
88.8,23.9,436,52.3,32.7,1,1
,,,,,,1
91.2,23.7,435,51.9,32.7,1,1
,,,,,,1
92,23.4,434,53.4,32.7,1,1
93.3,23.1,433,52.9,32.7,1,1
,,,,,0,
93.4,22.7,430,53.1,32.7,0,1
,,,,,0,
90.9,22.3,429,52.3,32.7,0,1
85.1,22.2,427,52.5,32.7,0,1
,,,,,1,
81.9,22.2,429,52.8,32.7,1,1
,,,,,1,
89.6,22.4,428,52.4,32.7,1,1
92.7,22.2,426,52.8,32.7,1,1
,,,,,0,
93.6,21.9,425,53.1,32.7,0,1
,,,,,0,
92.1,21.6,426,53,32.7,0,1
,,,,,0,
,,,,,,0
87.6,21.5,427,53,32.7,0,0
,,,,,1,
,,,,,,0
89.3,21.7,424,52,32.7,1,0
,,,,,,
92.9,21.9,423,53.4,32.7,1,0
,,,,,0,
,,,,,,0
95,22.1,426,52.5,32.7,0,0
,,,,,0,
95.9,22.3,425,53.3,32.8,0,0
,,,,,0,
96.5,22.5,424,52.8,32.7,0,0
,,,,,0,
96.9,22.6,425,52.9,32.7,0,0
,,,,,0,
97.2,22.8,424,53.3,32.7,0,0
,,,,,0,
97.5,22.9,421,53.1,32.7,0,0
,,,,,0,
97.6,23.1,423,53.3,32.7,0,0
,,,,,0,
97.9,23.2,422,53.6,32.7,0,0
,,,,,,
98,23.3,423,51.9,32.6,0,0
,,,,,0,
98.2,23.4,423,52.7,32.7,0,0
,,,,,0,
98.3,23.6,423,53.3,32.7,0,0
,,,,,0,
98.4,23.7,424,53.4,32.7,0,0
,,,,,0,
98.4,23.8,424,52.8,32.7,0,0
,,,,,0,
98.5,23.9,423,53.4,32.7,0,0
,,,,,0,
,,,,,,1
98.5,24,425,53,32.6,0,1
,,,,,0,
,,,,,,1
98.4,24,427,51.9,32.7,0,1
,,,,,,
,,,,,,1
98.5,24.3,427,51.7,32.7,0,1
,,,,,0,
,,,,,,1
98.5,24.5,427,52.9,32.7,0,1
,,,,,0,
,,,,,,
96.8,24,428,52.4,32.7,0,1
,,,,,0,
92.1,23.7,430,51.3,32.7,0,1
,,,,,0,
,,,,,,1
83.6,23.8,430,51.9,32.7,0,1
,,,,,1,
,,,,,,1
81.6,24,430,52.9,32.7,1,1
,,,,,1,
,,,,,,1
89.1,24.1,430,52.6,32.7,1,1
,,,,,,1
91.7,23.8,429,52.5,32.7,1,1
,,,,,,
92.9,23.4,429,52.7,32.7,1,1
,,,,,0,0
93.4,23.1,429,52.4,32.7,0,1
,,,,,0,
88.9,22.5,428,52.3,32.7,0,1
83,22.4,427,52.7,32.8,0,1
,,,,,1,
82.2,22.5,426,52.8,32.8,1,1
,,,,,1,
89.7,22.6,424,52.6,32.8,1,1
92.2,22.5,423,52.7,32.7,1,1
,,,,,0,
93.2,22.2,420,53,32.8,0,1
,,,,,0,
89.9,21.7,419,52.6,32.8,0,1
,,,,,,0
85.5,21.7,419,52.4,32.8,0,0
,,,,,1,
,,,,,,0
88.9,22,418,52.4,32.8,1,0
92.5,22.2,416,52.4,32.8,1,0
,,,,,0,
94.5,22.4,417,52.3,32.8,0,0
,,,,,0,
95.6,22.6,418,52.7,32.8,0,0
,,,,,0,
96.3,22.8,419,52.4,32.8,0,0
,,,,,0,
96.8,22.9,420,52.5,32.8,0,0
,,,,,0,
97.1,23,420,52.8,32.7,0,0
,,,,,0,
97.3,23.2,418,52.8,32.7,0,0
,,,,,0,
97.6,23.3,418,52.8,32.7,0,0
,,,,,0,
97.7,23.4,418,53.1,32.8,0,0
,,,,,0,
97.9,23.5,417,52.8,32.8,0,0
,,,,,,
98,23.6,417,52.6,32.7,0,0
,,,,,0,
98.1,23.7,417,50.8,32.7,0,0
,,,,,0,
98.1,23.8,418,48.1,32.7,0,0
,,,,,0,
98.2,23.9,418,45.2,32.6,0,0
,,,,,0,
98.2,24,420,43.6,32.5,0,0
,,,,,0,
98.2,24.1,419,49.7,32.5,0,0
,,,,,0,
,,,,,,1
98.1,24,421,51.3,32.5,0,1
,,,,,0,
,,,,,,1
97.4,24,427,51.4,32.5,0,1
,,,,,0,
,,,,,,1
97,24.2,432,51.8,32.5,0,1
,,,,,0,
,,,,,,1
96.9,24.5,439,52,32.5,0,1
,,,,,0,
,,,,,,1
96.9,24.7,440,52.8,32.5,0,1
,,,,,0,
,,,,,,1
95.2,24.5,444,53,32.5,0,1
,,,,,,1
86.8,24.3,443,53.3,32.5,0,1
,,,,,1,
,,,,,,1
83.7,24.4,443,53.4,32.5,1,1
,,,,,1,
,,,,,,1
90.1,24.4,442,53.6,32.5,1,1
,,,,,,1
91.3,24,442,53.5,32.5,1,1
,,,,,,1
92.6,23.7,438,53.6,32.5,1,1
,,,,,0,
,,,,,,1
92.8,23.1,437,53.7,32.5,0,1
,,,,,0,
86.2,22.7,438,53,32.5,0,1
,,,,,1,
82.1,22.7,434,53.2,32.6,1,1
,,,,,1,
90.1,22.8,432,52.9,32.6,1,1
92.3,22.6,430,53.2,32.6,1,1
,,,,,0,
93.1,22.2,427,52.7,32.7,0,1
,,,,,0,
89.6,21.8,424,52.9,32.7,0,1
,,,,,,0
85.6,21.8,420,53,32.7,0,0
,,,,,1,
,,,,,,0
87.5,22,419,52.9,32.7,1,0
,,,,,1,
92.3,22.3,419,53,32.7,1,0
,,,,,0,
94.3,22.5,416,53,32.7,0,0
,,,,,0,
95.5,22.7,415,52.9,32.7,0,0
,,,,,0,
96.1,22.9,415,52.6,32.7,0,0
,,,,,0,
96.6,23,415,52.6,32.7,0,0
,,,,,,
96.9,23.1,414,52.8,32.7,0,0
,,,,,0,
97.2,23.2,414,52.7,32.7,0,0
,,,,,0,
97.4,23.4,412,52.6,32.7,0,0
,,,,,0,
97.6,23.5,411,52.5,32.7,0,0
,,,,,0,
97.8,23.6,413,52.4,32.7,0,0
,,,,,0,
97.9,23.7,411,52.6,32.7,0,0
,,,,,,
98,23.8,410,52.6,32.7,0,0
,,,,,0,
98.1,23.9,411,52.9,32.8,0,0
,,,,,0,
98.2,24.1,412,52.4,32.8,0,0
,,,,,0,
,,,,,,1
98.2,24.1,414,52.5,32.8,0,1
,,,,,0,
,,,,,,1
95.5,23.4,416,52.1,32.8,0,1
,,,,,0,
,,,,,,1
86.6,23.4,417,52.3,32.8,0,1
,,,,,1,
83.3,23.7,415,51.7,32.8,1,1
,,,,,1,
89.8,23.8,416,51.6,32.8,1,1
,,,,,,1
91.8,23.6,413,51.5,32.8,1,1
92.6,23.3,412,51.1,32.9,1,1
,,,,,0,
93.3,22.8,409,51.5,32.9,0,1
,,,,,0,
88.9,22.4,410,51.3,32.9,0,1
82.7,22.4,410,51.1,32.9,0,1
,,,,,1,
81.2,22.5,409,50.9,32.9,1,1
,,,,,1,
89.1,22.6,408,50.9,32.9,1,1
91.9,22.5,407,49.8,32.9,1,1
93.5,22.3,406,50.2,32.9,1,1
,,,,,0,
94.2,22,408,51.1,32.9,0,1
,,,,,0,
92,21.5,409,50.7,32.9,0,1
,,,,,,0
87.5,21.5,409,50.9,32.9,0,0
,,,,,1,0
87.6,21.7,410,51.1,33,1,0
,,,,,1,
,,,,,,0
93.1,22,410,51,33,1,0
,,,,,0,
95.1,22.3,411,51.4,33,0,0
,,,,,0,
96,22.5,411,51.3,33.1,0,0
,,,,,0,
96.6,22.6,412,51,33,0,0
,,,,,0,
96.9,22.8,413,51.1,33,0,0
,,,,,0,
97.2,22.9,414,51.2,33,0,0
,,,,,0,
97.5,23.1,414,51.2,33,0,0
,,,,,0,
97.7,23.2,415,51.4,33,0,0
,,,,,0,
97.9,23.4,414,51.9,33,0,0
,,,,,0,
98,23.4,415,52.3,33,0,0
,,,,,0,
98.1,23.6,416,51.6,33,0,0
,,,,,0,
98.2,23.7,419,51.6,33,0,0
,,,,,0,
98.3,23.8,419,51.8,33,0,0
,,,,,0,
98.4,23.9,421,51.5,33,0,0
,,,,,0,
98.5,24,421,51,33,0,0
,,,,,,
,,,,,,1
98.3,24,421,51.2,33,0,1
,,,,,0,
,,,,,,1
98,24,420,51.4,33,0,1
,,,,,0,
,,,,,,1
98,24.2,422,51,32.9,0,1
,,,,,0,
98,24.5,423,51.1,32.9,0,1
,,,,,0,
,,,,,,1
97.8,24.6,423,51.3,33,0,1
,,,,,0,
,,,,,,1
95,24.1,426,51.3,33,0,1
,,,,,0,
,,,,,,1
84.8,24.1,424,51.3,33,0,1
,,,,,1,
,,,,,,1
83.1,24.3,424,50.8,33,1,1
,,,,,1,
,,,,,,1
90,24.3,426,50.6,33,1,1
,,,,,,1
91.6,24,424,50.7,33,1,1
,,,,,,1
92.4,23.6,424,51.1,33,1,1
,,,,,0,
,,,,,,1
92.6,23.1,423,50.9,33,0,1
,,,,,0,
86.2,22.7,421,51,33,0,1
,,,,,1,
81.9,22.7,418,50.8,33,1,1
,,,,,1,
89.3,22.9,418,51.6,33,1,1
92,22.7,418,51.3,33,1,1
93.1,22.4,419,50.5,33,1,1
,,,,,0,
94.2,22.2,419,50.6,33,0,1
,,,,,0,
92.4,21.7,418,50.6,33,0,1
,,,,,0,
,,,,,,0
87.2,21.6,417,50.6,33,0,0
,,,,,1,
,,,,,,0
89.5,22,416,50.7,33,1,0
93,22.2,417,51,33,1,0
,,,,,0,
95,22.5,417,50.1,33,0,0
,,,,,0,
95.9,22.6,418,50.8,33,0,0
,,,,,0,
96.5,22.8,418,51.4,33,0,0
,,,,,0,
96.9,22.9,418,51.7,33,0,0
,,,,,0,
97.3,23.1,414,51.9,32.9,0,0
,,,,,0,
97.5,23.3,412,51.6,32.9,0,0
,,,,,0,
97.7,23.5,414,51.8,32.9,0,0
,,,,,0,
97.9,23.6,414,51.8,33,0,0
,,,,,0,
98,23.7,414,51.6,32.9,0,0
,,,,,0,
98.2,23.8,414,51.9,32.9,0,0
,,,,,0,
98.3,23.9,412,51.5,32.9,0,0
,,,,,0,
98.3,24,412,51.4,33,0,0
,,,,,0,
,,,,,,1
98.4,24.1,414,51.5,33,0,1
,,,,,0,
,,,,,,1
96.7,23.4,415,51.4,32.9,0,1
,,,,,0,
,,,,,,1
89,23.1,415,51.5,32.9,0,1
81.2,23.3,416,51.5,33,0,1
,,,,,1,
80.1,23.5,415,51.3,33,1,1
88,23.7,413,51.1,33,1,1
91.4,23.5,412,50.8,33,1,1
92.7,23.3,412,50.6,33,1,1
,,,,,0,
93.2,22.9,411,50.7,33,0,1
,,,,,0,
90.2,22.4,413,50.2,33,0,1
84.2,22.3,414,50.6,33,0,1
,,,,,1,
83,22.4,413,50.3,33,1,1
,,,,,1,
89.8,22.5,411,50.1,33,1,1
92.3,22.3,412,49.4,33,1,1
,,,,,0,
93.6,22.1,410,50.1,33,0,1
,,,,,0,
90.8,21.6,411,49.1,33,0,1
,,,,,,0
86.4,21.6,410,49.7,33.1,0,0
,,,,,1,
,,,,,,0
87.6,21.8,409,50.3,33.1,1,0
,,,,,1,
,,,,,,0
92.3,22.1,411,49.9,33.1,1,0
,,,,,0,
94.7,22.3,413,49.3,33.1,0,0
,,,,,0,
95.8,22.5,414,45.6,33.1,0,0
,,,,,0,
96.3,22.7,415,48.9,33,0,0
,,,,,0,
96.8,22.9,414,49.3,33,0,0
,,,,,0,
97.1,23,413,49.2,33,0,0
,,,,,0,
97.3,23.1,415,49.9,32.9,0,0
,,,,,0,
97.6,23.3,417,49.9,32.9,0,0
,,,,,0,
97.7,23.4,419,50.2,32.9,0,0
,,,,,0,
97.9,23.5,419,50,32.9,0,0
,,,,,0,
97.9,23.5,423,50.2,32.9,0,0
,,,,,0,
98,23.6,424,49.8,32.9,0,0
,,,,,0,
98.1,23.7,426,50.6,32.9,0,0
,,,,,0,
98.1,23.8,428,50.8,33,0,0
,,,,,0,
98.2,23.9,428,51.1,33,0,0
,,,,,0,
98.1,24,427,50.5,32.9,0,0
,,,,,0,
,,,,,,1
97.5,23.8,428,50.3,32.9,0,1
,,,,,0,
,,,,,,1
91.4,23.4,430,50,33,0,1
,,,,,,1
80.3,23.6,431,49.9,33,0,1
,,,,,1,
,,,,,,1
77.8,23.8,431,50,33.1,1,1
,,,,,1,
,,,,,,1
87.6,24,428,49.9,33.1,1,1
,,,,,1,
,,,,,,1
90,23.7,429,50,33.1,1,1
,,,,,,
91.9,23.4,429,50,33.1,1,1
92.6,23.1,429,50.2,33.1,1,1
,,,,,0,
92.9,22.7,427,50,33.1,0,1
,,,,,0,
87.5,22.2,427,49.8,33.1,0,1
,,,,,1,
85.1,22.3,424,50.2,33.1,1,1
,,,,,1,
91.1,22.3,424,50,33.2,1,1
92.5,22.2,422,49.9,33.2,1,1
,,,,,0,
93.6,22,421,49.7,33.2,0,1
,,,,,0,
92.1,21.5,418,49.9,33.2,0,1
,,,,,0,
,,,,,0,0
87.2,21.4,419,49.7,33.2,0,0
,,,,,1,
,,,,,,0
87.5,21.6,417,49.4,33.2,1,0
,,,,,1,
,,,,,,0
92.4,22,414,49.4,33.2,1,0
,,,,,0,
95.1,22.3,413,48.9,33.3,0,0
,,,,,0,
96,22.5,413,48.8,33.3,0,0
,,,,,0,
96.6,22.6,412,49.2,33.3,0,0
,,,,,0,
97.1,22.9,411,49.1,33.4,0,0
,,,,,0,
97.4,23,412,48.9,33.3,0,0
,,,,,0,
97.6,23.2,410,48.8,33.3,0,0
,,,,,0,
97.8,23.4,409,49.5,33.3,0,0
,,,,,0,
98,23.5,406,50.2,33.3,0,0
,,,,,0,
98,23.6,408,49.8,33.3,0,0
,,,,,0,
98.2,23.7,405,49.6,33.3,0,0
,,,,,0,
98.2,23.8,406,49.2,33.2,0,0
,,,,,0,
98.3,23.8,407,49.7,33.2,0,0
,,,,,0,
98.3,23.9,407,49.7,33.2,0,0
,,,,,0,
,,,,,,1
98.3,23.9,409,49.8,33.2,0,1
,,,,,0,
,,,,,,
96.4,23.4,410,50,33.2,0,1
,,,,,0,
90.4,23.2,410,49.8,33.2,0,1
82.4,23.4,411,50,33.2,0,1
,,,,,1,
79.9,23.6,410,50.1,33.2,1,1
,,,,,1,
87.9,23.8,409,50.1,33.2,1,1
,,,,,1,
,,,,,,1
91.1,23.5,411,50.4,33.2,1,1
92.1,23.3,410,50.6,33.2,1,1
,,,,,0,
92.6,22.9,411,50.7,33.2,0,1
,,,,,0,
88,22.5,410,50.4,33.2,0,1
82.5,22.4,411,50.2,33.2,0,1
,,,,,1,
80.2,22.4,410,50.6,33.1,1,1
,,,,,1,
88.1,22.6,409,50.6,33.1,1,1
91,22.5,408,50.2,33.1,1,1
92.4,22.3,408,49.9,33.1,1,1
,,,,,0,
93.3,21.9,409,49.4,33.1,0,1
,,,,,0,
90.6,21.5,409,49.9,33.1,0,1
,,,,,,0
86.3,21.5,410,50,33.1,0,0
,,,,,1,
,,,,,,0
87,21.7,411,50.1,33.1,1,0
,,,,,1,
,,,,,,
92.5,22,412,49.9,33.1,1,0
,,,,,0,
94.4,22.2,414,50.1,33.1,0,0
,,,,,0,
95.4,22.3,415,49.9,33.1,0,0
,,,,,0,
96,22.4,414,50.7,33.1,0,0
,,,,,0,
96.5,22.6,411,49.6,33.1,0,0
,,,,,,
96.9,22.7,412,50.4,33.1,0,0
,,,,,0,
97.2,22.8,411,50.4,33.1,0,0
,,,,,0,
97.4,23,410,50.6,33.1,0,0
,,,,,0,
97.6,23.1,411,50.4,33.1,0,0
,,,,,0,
97.8,23.3,413,50.4,33.1,0,0
,,,,,0,
97.9,23.4,414,50.5,33.1,0,0
,,,,,0,
98,23.5,416,50.4,33.1,0,0
,,,,,0,
98.2,23.6,419,49.6,33.1,0,0
,,,,,0,
98.2,23.7,421,49.5,33.1,0,0
,,,,,0,
98.3,23.8,422,49.1,33.1,0,0
,,,,,0,
98.3,23.9,424,48.8,33.1,0,0
,,,,,,
,,,,,,1
98,23.7,423,48.1,33.2,0,1
,,,,,0,
,,,,,,1
94.3,23.2,422,48.5,33.1,0,1
,,,,,0,
,,,,,,
85.8,23.3,422,48.3,33.2,0,1
,,,,,1,
81.3,23.6,422,47.8,33.3,1,1
,,,,,1,
,,,,,,1
88.7,23.9,422,47.6,33.4,1,1
,,,,,,1
91.5,23.7,424,46.9,33.4,1,1
,,,,,,1
92.4,23.5,422,47.6,33.4,1,1
,,,,,,
,,,,,,1
92.4,23,423,48.2,33.4,0,1
,,,,,0,
86.8,22.6,421,46,33.4,0,1
,,,,,1,
81.5,22.7,422,46.3,33.4,1,1
,,,,,1,
88.7,22.8,423,46.9,33.3,1,1
91.7,22.6,425,46.4,33.3,1,1
93.1,22.4,429,44.7,33.3,1,1
,,,,,0,
93.7,22,432,45.6,33.3,0,1
,,,,,0,
87.5,21.5,435,46.5,33.2,0,1
,,,,,1,
,,,,,,0
83.1,21.6,439,46.7,33.3,1,0
,,,,,1,
,,,,,,0
91,21.9,443,47.5,33.3,1,0
,,,,,,0
94.1,22.1,448,47,33.3,1,0
,,,,,0,
95.6,22.4,451,47.4,33.3,0,0
,,,,,0,
96.5,22.5,456,47.6,33.3,0,0
,,,,,0,
96.9,22.7,458,47.6,33.3,0,0
,,,,,0,
97.2,22.8,459,47.9,33.4,0,0
,,,,,0,
97.4,23,460,48,33.4,0,0
,,,,,0,
97.7,23.1,463,48.4,33.4,0,0
,,,,,0,
97.9,23.2,461,48,33.4,0,0
,,,,,0,
98.1,23.4,464,47.7,33.4,0,0
,,,,,0,
98.2,23.5,464,48.7,33.5,0,0
,,,,,,
98.2,23.6,464,48.6,33.4,0,0
,,,,,0,
98.3,23.7,464,48.9,33.4,0,0
,,,,,0,
98.4,23.8,463,48.8,33.4,0,0
,,,,,0,
98.5,23.9,465,48.9,33.4,0,0
,,,,,0,
98.5,24,462,48.8,33.4,0,0
,,,,,0,
98.5,24.1,462,47.7,33.4,0,0
,,,,,0,
,,,,,,1
98.4,24,461,48,33.5,0,1
,,,,,0,
,,,,,,1
96.5,23.3,460,47.8,33.4,0,1
,,,,,,
,,,,,,1
87.9,23.3,458,48.2,33.5,0,1
,,,,,1,
,,,,,,1
81.7,23.5,455,47.8,33.5,1,1
,,,,,1,
,,,,,,
88.6,23.8,451,47.3,33.5,1,1
91.3,23.7,448,47.7,33.5,1,1
,,,,,,1
92.6,23.4,445,46.9,33.5,1,1
,,,,,0,
93,23,440,47.5,33.5,0,1
,,,,,0,
88.6,22.6,437,47.6,33.5,0,1
82.4,22.5,435,48,33.5,0,1
,,,,,1,
80.3,22.6,434,47.3,33.5,1,1
,,,,,1,
89.6,22.7,432,47.2,33.5,1,1
92.2,22.5,431,46.3,33.5,1,1
,,,,,0,
93.5,22.1,430,46.8,33.5,0,1
,,,,,0,
90.2,21.7,429,47.5,33.5,0,1
84.5,21.6,429,46.9,33.5,0,1
,,,,,1,
,,,,,,0
84.9,21.9,427,47.1,33.5,1,0
,,,,,1,
,,,,,,0
91.6,22.1,427,46.9,33.5,1,0
94,22.3,427,47.8,33.5,1,0
,,,,,0,
95.6,22.5,427,47.9,33.5,0,0
,,,,,,
96.4,22.7,428,48.4,33.4,0,0
,,,,,0,
96.9,22.9,428,48.4,33.4,0,0
,,,,,0,
97.2,23,429,48,33.4,0,0
,,,,,0,
97.5,23.1,429,48.4,33.4,0,0
,,,,,,
97.7,23.3,429,48.7,33.4,0,0
,,,,,0,
97.9,23.4,430,48.7,33.4,0,0
,,,,,,
98,23.5,429,48.7,33.4,0,0
,,,,,0,
98.2,23.7,430,49,33.4,0,0
,,,,,,
98.3,23.7,431,49,33.4,0,0
,,,,,0,
98.3,23.9,432,48.9,33.3,0,0
,,,,,,
98.4,24,432,48.7,33.3,0,0
,,,,,0,
98.4,24.1,431,49.2,33.3,0,0
,,,,,,
,,,,,,1
98.3,24,431,48.9,33.3,0,1
,,,,,0,
,,,,,,
96.6,23.4,432,48.5,33.4,0,1
,,,,,0,
,,,,,,1
90,23.2,432,48,33.4,0,1
82.3,23.4,430,47.9,33.4,0,1
,,,,,1,
81.2,23.7,427,48.3,33.4,1,1
,,,,,1,
88.6,23.8,426,48.9,33.4,1,1
,,,,,,1
91.4,23.7,424,48.6,33.4,1,1
92.3,23.4,420,47.9,33.4,1,1
,,,,,0,
92.8,23,420,48.2,33.5,0,1
,,,,,0,
89.4,22.6,418,47.7,33.6,0,1
83.5,22.5,420,48.2,33.6,0,1
,,,,,1,
80.3,22.6,417,48.2,33.6,1,1
,,,,,1,
90,22.7,414,47.7,33.6,1,1
92,22.6,415,48.1,33.6,1,1
93.4,22.4,415,48.2,33.6,1,1
,,,,,0,
94,22.1,414,48.1,33.6,0,1
,,,,,0,
92.4,21.7,413,48,33.6,0,1
,,,,,0,
,,,,,,0
87.1,21.6,411,48.3,33.6,0,0
,,,,,1,
,,,,,,0
88,21.8,409,48.3,33.6,1,0
,,,,,,0
92.8,22.1,407,47.6,33.6,1,0
,,,,,0,
94.5,22.3,406,47.9,33.6,0,0
,,,,,0,
95.7,22.5,408,47.7,33.6,0,0
,,,,,0,
96.4,22.7,410,47.7,33.6,0,0
,,,,,0,
96.7,22.8,414,48.1,33.6,0,0
,,,,,0,
97.1,23,415,47.7,33.6,0,0
,,,,,0,
97.3,23.1,414,47.4,33.6,0,0
,,,,,0,
97.5,23.2,413,47.7,33.6,0,0
,,,,,0,
97.7,23.4,415,47.1,33.6,0,0
,,,,,0,
97.9,23.5,415,47.5,33.6,0,0
,,,,,0,
98,23.6,416,47.7,33.6,0,0
,,,,,0,
98,23.7,415,47.8,33.6,0,0
,,,,,,
98.1,23.8,416,47.5,33.6,0,0
,,,,,0,
98.2,23.9,417,47.8,33.6,0,0
,,,,,0,
98.2,24,418,48.1,33.6,0,0
,,,,,0,
,,,,,,1
98.1,23.9,418,48.2,33.6,0,1
,,,,,0,
,,,,,,1
93.9,23.4,421,47.8,33.6,0,1
,,,,,0,
,,,,,,1
83,23.6,422,48.2,33.6,0,1
,,,,,1,
,,,,,,1
82.3,23.9,425,47.8,33.6,1,1
,,,,,1,
,,,,,,1
89,23.9,427,47.8,33.6,1,1
,,,,,,
90.9,23.7,429,47.4,33.6,1,1
,,,,,,1
92.4,23.4,430,45.5,33.6,1,1
,,,,,,
93,23,433,44,33.5,0,1
,,,,,0,
87.7,22.4,435,46.2,33.5,0,1
,,,,,,
81.6,22.3,441,45.5,33.5,1,1
,,,,,1,
89.2,22.5,445,46.2,33.5,1,1
91.9,22.3,449,46.6,33.5,1,1
93.2,22.1,452,47.7,33.5,1,1
,,,,,0,
93.6,21.8,455,47.7,33.5,0,1
,,,,,0,
90.8,21.4,458,47.3,33.5,0,1
85.4,21.3,458,47,33.5,0,1
,,,,,1,
,,,,,,0
83.3,21.5,460,46.6,33.5,1,0
,,,,,1,
,,,,,,0
90.5,21.7,459,46.7,33.5,1,0
,,,,,,0
93.5,21.9,457,46.6,33.5,1,0
,,,,,0,
,,,,,,0
95.3,22.1,458,46.3,33.5,0,0
,,,,,0,
96.2,22.3,458,45.7,33.6,0,0
,,,,,0,
96.7,22.5,455,45.1,33.6,0,0
,,,,,0,
97.1,22.7,454,45.5,33.7,0,0
,,,,,0,
97.4,22.8,455,45.6,33.7,0,0
,,,,,0,
97.7,23,451,45.8,33.7,0,0
,,,,,0,
97.9,23.2,452,45.9,33.7,0,0
,,,,,0,
98,23.4,450,45.6,33.6,0,0
,,,,,0,
98.2,23.4,450,45.7,33.6,0,0
,,,,,0,
98.3,23.6,452,45.9,33.6,0,0
,,,,,0,
98.4,23.6,451,45.8,33.6,0,0
,,,,,,
98.4,23.8,451,46.2,33.6,0,0
,,,,,0,
98.4,23.8,449,46.1,33.6,0,0
,,,,,0,
98.5,23.9,450,46,33.6,0,0
,,,,,0,
,,,,,,1
98.4,23.9,450,46.4,33.6,0,1
,,,,,0,
,,,,,,1
96.6,23.3,447,46.1,33.7,0,1
,,,,,0,
,,,,,,1
88,23.2,447,46.1,33.6,0,1
80.5,23.5,447,46.3,33.6,0,1
,,,,,1,
79.7,23.7,446,46.3,33.6,1,1
,,,,,1,
88.4,23.8,446,46.5,33.6,1,1
90.7,23.6,445,46.7,33.6,1,1
91.8,23.3,441,46.4,33.6,1,1
92.6,23.1,439,47.5,33.6,1,1
,,,,,0,
93.3,22.6,438,47.2,33.6,0,1
,,,,,0,
89.1,22.2,438,46.8,33.6,0,1
83,22.1,436,47.4,33.5,0,1
,,,,,1,
81.4,22.2,433,46.7,33.6,1,1
,,,,,1,
88.9,22.3,431,46.5,33.6,1,1
91.7,22.2,430,46.3,33.6,1,1
93,22,430,44.2,33.5,1,1
,,,,,0,
93.7,21.7,428,43.5,33.4,0,1
,,,,,0,
,,,,,,0
91.1,21.3,431,44.8,33.4,0,0
,,,,,,0
90.5,21.4,433,45.3,33.4,0,0
90.9,21.6,439,46.2,33.4,0,0
,,,,,,0
91.5,21.8,442,46.6,33.4,0,0
,,,,,,0
92,22,447,47,33.5,0,0
92.3,22.2,452,46.9,33.4,0,0
,,,,,0,
92.5,22.3,456,47.4,33.4,0,0
92.6,22.5,458,47.3,33.5,0,0
,,,,,0,
92.8,22.7,459,47,33.5,0,0
,,,,,,
92.9,22.8,464,47.1,33.4,0,0
,,,,,0,
92.7,23,469,47.6,33.5,0,0
,,,,,0,
92.6,23.2,475,47,33.4,0,0
,,,,,0,
92.4,23.3,476,47.4,33.5,0,0
,,,,,0,
92.1,23.5,477,47.3,33.5,0,0
,,,,,0,
91.5,23.6,477,46.9,33.5,0,0
90.7,23.8,479,47.3,33.6,0,0
,,,,,,0
89.3,23.9,479,47.2,33.5,0,1
,,,,,,1
78.4,24,476,46.8,33.6,0,1
,,,,,1,
,,,,,,1
75.3,24.2,474,46.2,33.6,1,1
,,,,,1,
,,,,,,1
87.1,24.3,474,46.8,33.6,1,1
,,,,,1,0
,,,,,,1
91.3,24,470,47,33.7,1,1
,,,,,,1
92,23.6,466,47,33.7,1,1
,,,,,,1
92.9,23.3,465,46.4,33.7,1,1
,,,,,,
93.4,22.9,464,46.6,33.7,0,1
,,,,,0,
89.3,22.4,464,47,33.7,0,1
82.2,22.4,463,45.7,33.6,0,1
,,,,,1,
81.9,22.5,461,46.8,33.6,1,1
,,,,,1,
90.6,22.5,460,47,33.6,1,1
92.1,22.3,460,46.8,33.6,1,1
,,,,,0,
93.1,22,461,47.2,33.5,0,1
,,,,,0,
87,21.5,464,46.9,33.5,0,1
,,,,,1,
,,,,,,0
82.3,21.6,465,47.3,33.5,1,0
,,,,,1,
,,,,,,0
90.1,21.9,468,47.7,33.5,1,0
,,,,,,0
93.7,22.1,472,46.9,33.4,1,0
,,,,,0,
95.3,22.3,474,46.8,33.5,0,0
,,,,,0,
96.3,22.5,477,46.3,33.5,0,0
,,,,,0,
96.8,22.7,479,47.2,33.5,0,0
,,,,,0,
97.2,22.8,480,47.3,33.5,0,0
,,,,,0,
97.4,22.9,481,47.1,33.5,0,0
,,,,,0,
97.6,23.1,483,47.5,33.5,0,0
,,,,,,
97.8,23.2,483,47.9,33.5,0,0
,,,,,0,
98,23.3,484,47.7,33.5,0,0
,,,,,0,
98.1,23.5,483,48.4,33.5,0,0
,,,,,0,
98.3,23.6,484,48.2,33.5,0,0
,,,,,0,
98.3,23.7,485,48.8,33.6,0,0
,,,,,0,
98.4,23.8,484,49.1,33.6,0,0
,,,,,0,
98.4,23.9,483,49.2,33.5,0,0
,,,,,0,
98.5,24,483,49.3,33.5,0,0
,,,,,0,
,,,,,,1
98.5,24,483,49.7,33.5,0,1
,,,,,0,
,,,,,,1
97.1,23.3,482,48.4,33.5,0,1
,,,,,0,
,,,,,,1
90.5,23.1,481,49.9,33.6,0,1
82.5,23.3,479,49,33.5,0,1
,,,,,1,
81.9,23.6,476,50.1,33.5,1,1
,,,,,1,
,,,,,,1
89.3,23.8,470,50.2,33.5,1,1
,,,,,,1
91.9,23.5,467,49,33.5,1,1
93.4,23.2,464,50,33.6,1,1
,,,,,0,
93.6,22.8,461,49.9,33.6,0,1
,,,,,0,
90.9,22.4,458,48.9,33.6,0,1
85,22.3,456,48.8,33.6,0,1
,,,,,1,
82.6,22.4,454,50,33.6,1,1
,,,,,1,
89.2,22.5,450,48.9,33.6,1,1
92.3,22.4,445,49.8,33.6,1,1
,,,,,0,
93.5,22.1,444,50.3,33.6,0,1
,,,,,0,
91,21.7,444,50.3,33.6,0,1
,,,,,,0
86.7,21.6,444,49.2,33.6,0,0
,,,,,1,
,,,,,,0
87.7,21.9,444,50.1,33.5,1,0
,,,,,1,
92.8,22.2,443,50.3,33.6,1,0
,,,,,0,
94.6,22.3,442,50.2,33.6,0,0
,,,,,0,
95.8,22.5,443,50.7,33.5,0,0
,,,,,0,
96.4,22.8,443,50.5,33.5,0,0
,,,,,0,
96.8,22.9,447,50.7,33.5,0,0
,,,,,0,
97.1,23,447,50.8,33.5,0,0
,,,,,0,
97.3,23.2,444,50.1,33.5,0,0
,,,,,0,
97.6,23.3,445,50.5,33.5,0,0
,,,,,0,
97.8,23.5,445,50.8,33.5,0,0
,,,,,0,
97.9,23.6,447,50.6,33.5,0,0
,,,,,0,
98,23.7,447,50.9,33.5,0,0
,,,,,0,
98.1,23.8,446,50.4,33.5,0,0
,,,,,0,
98.2,23.9,445,50.6,33.5,0,0
,,,,,0,
98.2,24,444,50.1,33.5,0,0
,,,,,0,
,,,,,,1
98,23.8,444,50.6,33.5,0,1
,,,,,0,
,,,,,,1
93.8,23.3,443,51.2,33.4,0,1
,,,,,0,
,,,,,,1
83.2,23.5,445,49.9,33.4,0,1
,,,,,1,
,,,,,,1
83.4,23.8,442,49.8,33.4,1,1
,,,,,1,
,,,,,,1
90,23.8,443,50.6,33.4,1,1
,,,,,,1
91.4,23.6,446,51,33.4,1,1
,,,,,,1
92.3,23.3,446,50.7,33.4,1,1
,,,,,0,
93,22.9,445,51.1,33.4,0,1
,,,,,0,
90,22.5,442,51,33.4,0,1
84.5,22.4,442,51.1,33.4,0,1
,,,,,1,
86,22.5,444,50.4,33.4,1,1
,,,,,1,
90.6,22.5,442,50.1,33.4,1,1
92.8,22.3,440,50.8,33.4,1,1
,,,,,0,
93.5,22.1,440,50.7,33.4,0,1
,,,,,,
91.8,21.7,439,51.1,33.4,0,1
86.8,21.6,440,50.9,33.4,0,1
,,,,,1,
,,,,,,0
86.9,21.8,439,50.9,33.4,1,0
,,,,,1,
,,,,,,0
92.5,22.1,435,51.3,33.4,1,0
,,,,,0,
94.7,22.3,435,51,33.4,0,0
,,,,,0,
95.8,22.5,435,51,33.3,0,0
,,,,,0,
96.4,22.7,432,51.2,33.3,0,0
,,,,,0,
96.8,22.8,430,50.8,33.3,0,0
,,,,,0,
97.1,22.9,426,51.2,33.3,0,0
,,,,,0,
97.4,23.1,427,51,33.3,0,0
,,,,,0,
97.6,23.2,428,51.1,33.2,0,0
,,,,,0,
97.8,23.3,425,50.6,33.2,0,0
,,,,,0,
97.9,23.4,424,50.5,33.2,0,0
,,,,,0,
98,23.5,424,50.9,33.3,0,0
,,,,,0,
98.1,23.6,424,50.6,33.3,0,0
,,,,,0,
98.2,23.8,424,50.5,33.3,0,0
,,,,,0,
98.4,23.9,424,49.8,33.3,0,0
,,,,,0,
98.4,24,423,50.4,33.3,0,0
,,,,,0,
,,,,,0,1
98.3,24,425,50.7,33.3,0,1
,,,,,0,
,,,,,,1
97.6,23.7,425,48.7,33.3,0,1
,,,,,0,
,,,,,,1
97.4,24.1,428,50.2,33.3,0,1
,,,,,0,
,,,,,,1
97.3,24.4,429,50.5,33.2,0,1
,,,,,0,
,,,,,,1
97.4,24.8,433,50.3,33.2,0,1
,,,,,0,
,,,,,,1
95.2,24.4,437,50.7,33.2,0,1
,,,,,0,
,,,,,,1
85.6,24.2,437,50.7,33.2,0,1
,,,,,1,
,,,,,,1
83.8,24.5,437,50.8,33.2,1,1
,,,,,1,
,,,,,,
89,24.4,439,50.8,33.2,1,1
,,,,,,
91.1,24.2,438,51,33.2,1,1
92.6,23.8,439,51.4,33.2,1,1
,,,,,0,
,,,,,,1
93.2,23.2,438,51.1,33.2,0,1
,,,,,0,
86.1,22.8,436,50.4,33.2,0,1
,,,,,1,
82.4,22.8,436,50.6,33.2,1,1
,,,,,1,
90.1,22.8,435,49.3,33.2,1,1
92.7,22.7,435,50.7,33.2,1,1
,,,,,0,
93.5,22.4,433,50.7,33.2,0,1
,,,,,0,
90,22,433,49.8,33.2,0,1
84.8,21.9,434,49.7,33.2,0,1
,,,,,1,
,,,,,,0
85.7,22.1,434,49.1,33.2,1,0
,,,,,1,
91.3,22.4,430,50.1,33.2,1,0
93.9,22.6,428,50.6,33.2,1,0
95.7,22.8,427,50.4,33.2,1,0
,,,,,0,
96.7,23.1,426,50.8,33.2,0,0
,,,,,0,
97.1,23.2,429,50.8,33.2,0,0
,,,,,0,
97.4,23.3,428,50.6,33.1,0,0
,,,,,0,
97.6,23.5,426,50.8,33.1,0,0
,,,,,0,
97.8,23.6,425,50.2,33.1,0,0
,,,,,0,
98,23.7,426,49.4,33.1,0,0
,,,,,0,
98.2,23.8,429,50.2,33.1,0,0
,,,,,0,
98.3,23.9,430,50.5,33.1,0,0
,,,,,0,
98.4,24.1,429,50.3,33.1,0,0
,,,,,0,
,,,,,,1
98.5,24.1,431,50.6,33.1,0,1
,,,,,0,
,,,,,,
98,23.5,434,50.5,33.2,0,1
,,,,,0,
97,23,434,50.4,33.1,0,1
,,,,,0,
95,22.6,434,49.7,33.1,0,1
,,,,,0,
89.4,22.6,433,49.9,33.1,0,1
81.8,22.8,433,46.8,33.1,0,1
,,,,,,
81.3,23.1,434,47.6,33,1,1
,,,,,1,
88.4,23.2,435,46.2,33,1,1
91.1,23,435,45.3,32.9,1,1
92.7,22.7,436,49.3,32.9,1,1
,,,,,0,
93.2,22.3,438,46,32.9,0,1
,,,,,0,
86.9,21.8,440,47.1,32.8,0,1
,,,,,1,
82.4,21.9,445,49.2,32.8,1,1
,,,,,1,
,,,,,,0
90.1,22,449,48.2,32.8,1,0
92.8,22.1,454,49.5,32.8,1,0
,,,,,0,
94.6,22.3,462,49.8,32.8,0,0
,,,,,0,
95.7,22.4,465,49.8,32.8,0,0
,,,,,0,
96.2,22.5,468,50.1,32.7,0,0
,,,,,0,
96.7,22.7,475,50.4,32.7,0,0
,,,,,0,
97.1,22.9,480,51.3,32.7,0,0
,,,,,0,
97.3,23,483,51.6,32.8,0,0
,,,,,0,
97.6,23.1,487,51.6,32.8,0,0
,,,,,0,
97.7,23.3,490,51.4,32.7,0,0
,,,,,,
97.9,23.4,492,52.2,32.7,0,0
,,,,,0,
98,23.5,493,52.1,32.8,0,0
,,,,,0,
98.1,23.6,497,52.4,32.7,0,0
,,,,,0,
98.2,23.7,497,52.2,32.8,0,0
,,,,,0,
98.3,23.8,498,51.9,32.8,0,0
,,,,,0,
98.3,24,498,51.9,32.8,0,0
,,,,,0,
98.4,24.1,496,52.3,32.9,0,0
,,,,,0,
,,,,,,0
98.4,24.1,498,52.1,32.8,0,1
,,,,,0,
,,,,,,1
98.2,24.2,498,51.3,32.8,0,1
,,,,,0,
,,,,,,1
98.1,24.4,495,51.7,32.8,0,1
,,,,,0,
,,,,,,1
98.1,24.7,491,52,32.8,0,1
,,,,,0,
,,,,,,1
95.6,24.2,486,51.9,32.8,0,1
,,,,,0,
,,,,,,1
87.3,24.1,481,52,32.8,0,1
,,,,,1,
82.1,24.3,480,51.1,32.9,1,1
,,,,,1,
,,,,,,1
90,24.4,479,51.9,32.9,1,1
,,,,,,1
92,24,476,52.4,32.9,1,1
,,,,,,1
92.9,23.7,472,52.2,32.9,1,1
,,,,,0,
,,,,,,1
93.1,23.4,470,51.1,32.9,0,1
,,,,,0,
89.1,22.9,465,51.9,32.9,0,1
83,22.8,462,51.4,32.9,0,1
,,,,,1,
81.5,22.8,459,52.2,32.8,1,1
,,,,,1,
89.7,22.9,459,51.3,32.9,1,1
92.3,22.8,458,51.8,32.9,1,1
,,,,,0,
93.2,22.4,457,49.5,32.8,0,1
,,,,,0,
90.6,22,455,51.8,32.9,0,1
84.8,21.9,453,51.2,32.9,0,1
,,,,,1,
,,,,,,0
85,22.1,451,49.6,32.9,1,0
,,,,,1,
91.9,22.4,447,51.3,32.9,1,0
94.2,22.5,447,51.7,32.9,1,0
,,,,,0,
95.4,22.7,445,52,32.9,0,0
,,,,,0,
96.1,22.9,443,52.3,32.9,0,0
,,,,,0,
96.6,23,441,51.7,32.9,0,0
,,,,,0,
97.1,23.1,441,51.9,32.8,0,0
,,,,,0,
97.3,23.3,441,51.8,32.8,0,0
,,,,,0,
97.5,23.4,440,51.8,32.8,0,0
,,,,,0,
97.8,23.5,440,52.7,32.8,0,0
,,,,,0,
97.9,23.6,440,52.6,32.8,0,0
,,,,,0,
98.1,23.8,442,52.3,32.8,0,0
,,,,,0,
98.2,23.9,443,51.8,32.8,0,0
,,,,,0,
98.3,24,443,51.6,32.8,0,0
,,,,,0,
98.4,24.1,445,51.8,32.8,0,0
,,,,,,
,,,,,,1
98.4,24.1,445,51.9,32.9,0,1
,,,,,0,
,,,,,,
97.7,23.6,448,51.8,32.8,0,1
,,,,,0,
,,,,,,1
97.7,23.9,449,52.5,32.8,0,1
,,,,,0,
97.8,24.1,448,51.6,32.8,0,1
,,,,,0,
,,,,,,1
97.9,24.5,448,52.4,32.8,0,1
,,,,,0,
,,,,,,1
97.9,24.6,446,52.6,32.8,0,1
,,,,,0,
,,,,,,1
95.2,24,446,52.4,32.8,0,1
,,,,,0,
,,,,,,
87.7,24,444,52.1,32.8,0,1
,,,,,1,
,,,,,,1
85.2,24.2,442,52.4,32.8,1,1
,,,,,1,
,,,,,,1
91.3,24.1,442,52.4,32.8,1,1
,,,,,,1
93,23.8,442,52.2,32.7,1,1
,,,,,,
,,,,,,1
93,23.2,441,52.4,32.8,0,1
,,,,,0,
87.9,22.9,439,52.8,32.8,0,1
,,,,,1,
83.7,22.9,436,52.3,32.7,1,1
,,,,,1,
90.1,23,434,52.6,32.7,1,1
92.5,22.8,433,52.8,32.8,1,1
,,,,,0,
93.7,22.5,431,52.7,32.7,0,1
,,,,,0,
90.9,22.1,428,52.5,32.7,0,1
85.5,21.9,430,52.2,32.7,0,1
,,,,,1,
,,,,,,0
84.2,22.1,431,51.5,32.7,1,0
,,,,,1,
91.9,22.5,430,52.1,32.7,1,0
94.1,22.6,430,52.1,32.7,1,0
,,,,,0,
95.5,22.8,431,52.5,32.6,0,0
,,,,,0,
96.2,23,430,52.5,32.6,0,0
,,,,,0,
96.7,23.1,433,51.9,32.6,0,0
,,,,,0,
97.1,23.2,434,51.9,32.6,0,0
,,,,,0,
97.3,23.4,436,51.8,32.5,0,0
,,,,,0,
97.6,23.5,435,51.7,32.6,0,0
,,,,,0,
97.8,23.6,433,51.6,32.6,0,0
,,,,,0,
98,23.8,433,52.8,32.6,0,0
,,,,,0,
98.1,23.8,432,52.1,32.6,0,0
,,,,,0,
98.2,24,432,51.8,32.6,0,0
98.3,24.1,429,51.1,32.6,0,0
,,,,,0,
,,,,,,1
98.2,24,431,51.1,32.5,0,1
,,,,,0,
,,,,,,1
96.6,23.2,431,51.3,32.6,0,1
,,,,,0,
90.3,23,434,51.7,32.6,0,1
83,23.2,437,51.3,32.6,0,1
78.8,23.3,438,50.6,32.6,0,1
,,,,,1,
78.1,23.5,438,50.7,32.6,1,1
,,,,,,
88.1,23.6,436,51.2,32.6,1,1
90.7,23.4,437,50.8,32.6,1,1
92.8,23.1,435,51.4,32.6,1,1
,,,,,0,
93.1,22.6,435,51.6,32.6,0,1
,,,,,0,
89.5,22.2,435,51.2,32.6,0,1
83.9,22.2,434,51.7,32.6,0,1
,,,,,1,
82.1,22.3,435,51.4,32.7,1,1
,,,,,,
90,22.5,436,52.7,32.7,1,1
92.3,22.3,433,51.7,32.7,1,1
,,,,,0,
93.4,22,433,52,32.7,0,1
,,,,,0,
90.8,21.7,434,51.6,32.7,0,1
,,,,,,0
86.9,21.6,436,51.1,32.7,0,0
,,,,,1,
,,,,,,0
87.4,21.8,437,51.5,32.7,1,0
,,,,,1,
,,,,,,0
92,22.1,434,51.5,32.7,1,0
94.4,22.3,433,51.6,32.7,1,0
,,,,,0,
96.2,22.7,431,51.8,32.8,0,0
,,,,,0,
96.9,22.9,433,51.7,32.8,0,0
,,,,,0,
97.2,23,433,51.9,32.7,0,0
,,,,,0,
97.4,23.1,431,52.1,32.7,0,0
,,,,,0,
97.7,23.3,430,52.1,32.7,0,0
,,,,,0,
97.8,23.4,429,52.2,32.7,0,0
,,,,,0,
98,23.5,428,52.1,32.7,0,0
,,,,,0,
98.1,23.6,429,52.2,32.7,0,0
,,,,,0,
98.3,23.7,428,52.8,32.7,0,0
,,,,,,
98.4,23.9,426,52.8,32.7,0,0
,,,,,0,
98.5,24,427,52.5,32.8,0,0
,,,,,0,
98.5,24.1,426,51.4,32.7,0,0
,,,,,0,
,,,,,,1
98.6,24.1,429,51.7,32.7,0,1
,,,,,0,
,,,,,,1
97.5,23.4,428,51.9,32.8,0,1
,,,,,0,
,,,,,,1
93.3,23,427,51.4,32.8,0,1
,,,,,0,
84.3,23.3,426,51.7,32.8,0,1
,,,,,,
79.9,23.5,426,51.1,32.8,1,1
,,,,,1,
89.7,23.7,422,51.8,32.8,1,1
92.1,23.5,424,51.3,32.9,1,1
,,,,,0,
92.7,23,422,50.4,32.9,0,1
,,,,,,
87.8,22.7,420,51.3,32.9,0,1
,,,,,1,
86,22.7,420,51.6,32.9,1,1
,,,,,1,
90.7,22.7,421,51.3,32.9,1,1
92.7,22.6,423,51.4,32.9,1,1
,,,,,0,
94,22.3,421,51.3,32.9,0,1
,,,,,0,
92,21.9,421,51.5,32.9,0,1
86.8,21.7,423,51,32.9,0,1
,,,,,1,
,,,,,,0
86.4,22,422,51,32.9,1,0
,,,,,1,
92.2,22.2,423,51.1,32.9,1,0
,,,,,0,
94.4,22.4,422,51.2,32.9,0,0
,,,,,0,
95.8,22.6,422,51.6,32.9,0,0
,,,,,0,
96.6,22.8,421,51.9,32.9,0,0
,,,,,0,
96.9,23,421,51.8,32.8,0,0
,,,,,0,
97.2,23.1,419,51.9,32.9,0,0
,,,,,0,
97.4,23.3,419,52.3,32.8,0,0
,,,,,,
97.6,23.4,421,52.3,32.8,0,0
,,,,,0,
97.8,23.5,421,51.8,32.8,0,0
,,,,,0,
97.9,23.6,420,52.6,32.8,0,0
,,,,,0,
98.1,23.7,419,52.5,32.8,0,0
,,,,,0,
98.2,23.8,420,52.5,32.8,0,0
,,,,,0,
98.2,23.9,422,52.6,32.8,0,0
,,,,,0,
98.3,24,423,52.3,32.8,0,0
,,,,,0,
,,,,,,1
98.2,24,423,52.2,32.8,0,1
,,,,,0,
,,,,,,1
95.7,23.3,423,51.8,32.8,0,1
,,,,,0,
,,,,,,1
87.1,23.4,424,52,32.8,0,1
,,,,,1,
84,23.7,425,51.7,32.8,1,1
,,,,,1,
90.2,23.9,425,51.3,32.8,1,1
,,,,,,1
91.9,23.6,424,51.8,32.9,1,1
92.9,23.4,423,51.5,32.8,1,1
,,,,,0,
93.4,22.9,424,51.9,32.9,0,1
,,,,,0,
89.6,22.6,427,51.7,32.9,0,1
83.9,22.5,426,51.6,32.9,0,1
,,,,,1,
82.3,22.6,427,51.9,32.8,1,1
,,,,,1,
90.8,22.7,429,51.9,32.8,1,1
92.7,22.5,428,51.8,32.8,1,1
,,,,,0,
94,22.3,428,52.1,32.8,0,1
,,,,,0,
91.8,21.8,424,52.1,32.8,0,1
85.9,21.7,425,52.7,32.7,0,1
,,,,,1,
,,,,,,0
86.2,21.9,424,52.1,32.8,1,0
,,,,,1,
,,,,,,0
92.4,22.2,422,52.1,32.8,1,0
,,,,,0,
94.8,22.4,422,52.5,32.8,0,0
,,,,,0,
95.7,22.6,425,52.5,32.7,0,0
,,,,,0,
96.4,22.8,424,52.7,32.7,0,0
,,,,,0,
96.7,22.9,426,52.2,32.7,0,0
,,,,,0,
97.1,23,430,52.4,32.7,0,0
,,,,,0,
97.4,23.2,431,53.3,32.7,0,0
,,,,,0,
97.5,23.3,432,53.7,32.7,0,0
,,,,,0,
97.7,23.4,433,53.7,32.7,0,0
,,,,,0,
97.9,23.5,433,53.8,32.6,0,0
,,,,,0,
98,23.6,432,53.9,32.7,0,0
,,,,,0,
98.1,23.7,432,53.7,32.7,0,0
,,,,,0,
98.2,23.9,432,52.9,32.6,0,0
,,,,,0,
98.2,23.9,433,53.4,32.6,0,0
,,,,,0,
98.2,24,431,52.9,32.6,0,0
,,,,,,
,,,,,,1
98.1,23.9,434,52.5,32.6,0,1
,,,,,0,
,,,,,,1
95.1,23.4,435,51.9,32.6,0,1
,,,,,0,
,,,,,,1
87.6,23.4,435,52,32.7,0,1
,,,,,1,
82.3,23.6,438,51.8,32.6,1,1
,,,,,1,
89,23.9,438,51.6,32.7,1,1
,,,,,,1
91.5,23.7,436,52.1,32.6,1,1
,,,,,,1
92.4,23.5,437,52.1,32.6,1,1
,,,,,,
93.1,23.1,439,52.4,32.6,0,1
,,,,,0,
88.6,22.7,439,51.4,32.6,0,1
82.9,22.6,438,51.3,32.6,0,1
,,,,,1,
84.2,22.7,437,53.1,32.6,1,1
,,,,,1,
91.1,22.7,440,52.3,32.6,1,1
92.6,22.4,441,52.6,32.6,1,1
,,,,,0,
93.6,22.1,440,52.5,32.6,0,1
,,,,,0,
89.4,21.6,442,52.3,32.6,0,1
,,,,,,0
85.2,21.7,443,52.8,32.6,0,0
,,,,,1,
,,,,,,0
88.6,22,441,52.4,32.6,1,0
92.7,22.2,440,52.1,32.6,1,0
,,,,,0,
94.6,22.4,439,51.9,32.6,0,0
95.7,22.6,438,52.9,32.6,0,0
,,,,,0,
96.3,22.7,438,52.5,32.6,0,0
,,,,,0,
96.8,22.9,438,52.3,32.6,0,0
,,,,,0,
97.1,23,439,52.3,32.5,0,0
,,,,,0,
97.3,23.1,440,53.1,32.6,0,0
,,,,,0,
97.6,23.3,440,53.2,32.5,0,0
,,,,,,
97.8,23.4,440,52.5,32.6,0,0
,,,,,0,
97.9,23.5,440,52.8,32.6,0,0
,,,,,0,
98.1,23.6,444,52.9,32.6,0,0
,,,,,0,
98.2,23.8,444,52.6,32.6,0,0
,,,,,0,
98.3,23.9,446,53.3,32.6,0,0
,,,,,0,
98.3,24,445,53.1,32.6,0,0
,,,,,0,
98.3,24,445,52.5,32.6,0,0
,,,,,0,
,,,,,0,1
98.2,24,444,53.6,32.6,0,1
,,,,,0,
,,,,,,1
97.9,24,445,53.3,32.6,0,1
,,,,,0,
,,,,,,1
97.8,24.4,447,53.1,32.6,0,1
,,,,,0,
,,,,,,1
97.8,24.7,445,53.4,32.6,0,1
,,,,,0,
,,,,,,1
96.8,24.5,444,53.4,32.5,0,1
,,,,,0,
,,,,,,1
90.1,24.2,445,53.4,32.5,0,1
,,,,,,1
81.9,24.3,444,53.3,32.6,0,1
,,,,,1,
,,,,,,1
82.8,24.5,446,53,32.5,1,1
,,,,,1,
,,,,,,1
89.4,24.5,444,53.4,32.6,1,1
,,,,,,1
91.4,24.2,442,51.5,32.6,1,1
,,,,,,1
92.7,23.8,439,52.4,32.6,1,1
,,,,,0,0
93.2,23.4,436,52.1,32.6,0,1
,,,,,0,
88.6,22.8,439,52.6,32.6,0,1
82.6,22.8,437,52.5,32.6,0,1
,,,,,1,
82.8,22.9,437,52.5,32.6,1,1
,,,,,1,
89.4,22.9,435,52.2,32.6,1,1
92.6,22.7,436,52.4,32.6,1,1
,,,,,0,
93.6,22.5,437,52.2,32.6,0,1
,,,,,0,
90.5,21.9,438,53.3,32.6,0,1
85.2,21.9,438,52.8,32.6,0,1
,,,,,1,
,,,,,,0
86,22.1,438,52.7,32.6,1,0
,,,,,1,
92.2,22.4,437,52.5,32.7,1,0
,,,,,0,
94.5,22.6,436,52.6,32.6,0,0
,,,,,0,
95.6,22.8,435,52.8,32.6,0,0
,,,,,0,
96.2,22.9,434,53.7,32.6,0,0
,,,,,0,
96.6,23,435,54.3,32.6,0,0
,,,,,0,
97,23.2,433,53.8,32.6,0,0
,,,,,0,
97.3,23.3,433,54,32.6,0,0
,,,,,0,
97.4,23.4,433,53.6,32.5,0,0
,,,,,0,
97.6,23.5,434,52.9,32.5,0,0
,,,,,,
97.7,23.6,435,52.3,32.5,0,0
,,,,,0,
97.9,23.7,434,51.5,32.4,0,0
,,,,,0,
98,23.8,433,51.9,32.4,0,0
,,,,,0,
98.1,23.9,436,50.7,32.4,0,0
,,,,,0,
98.2,24,438,49.4,32.4,0,0
,,,,,0,
98.2,24.1,439,50.8,32.5,0,0
,,,,,0,
,,,,,,1
98,24,443,50.5,32.4,0,1
,,,,,0,
,,,,,,1
97.5,24,448,51.3,32.4,0,1
,,,,,0,
,,,,,,1
97.3,24.3,454,52.2,32.4,0,1
,,,,,0,
,,,,,,1
97.2,24.7,463,51.6,32.4,0,1
,,,,,0,
,,,,,,1
95.5,24.4,465,51.7,32.4,0,1
,,,,,0,
,,,,,,1
86.1,24.3,469,52.9,32.4,0,1
,,,,,1,
,,,,,,1
82.5,24.4,469,52.7,32.4,1,1
,,,,,1,
,,,,,,
88.7,24.5,469,51.9,32.4,1,1
,,,,,,1
90.9,24.2,471,53.7,32.5,1,1
92.6,23.9,473,52.1,32.5,1,1
,,,,,0,
,,,,,,1
92.1,23.2,476,53.3,32.5,0,1
,,,,,0,
85.2,22.8,475,50.9,32.4,0,1
,,,,,1,
81.6,22.9,475,52.3,32.5,1,1
,,,,,1,
91,22.9,472,52.8,32.5,1,1
92.8,22.7,470,52.9,32.5,1,1
,,,,,0,
93.8,22.4,470,52.5,32.5,0,1
,,,,,0,
90.7,21.9,471,54.1,32.5,0,1
85,21.9,468,54,32.5,0,1
,,,,,1,
,,,,,,0
85.5,22.1,465,53.5,32.5,1,0
,,,,,1,
92.2,22.4,463,53.9,32.5,1,0
,,,,,0,
94.5,22.6,462,53.6,32.5,0,0
,,,,,0,
95.6,22.8,464,53.3,32.5,0,0
,,,,,0,
96.2,22.9,463,54.4,32.5,0,0
,,,,,0,
96.6,23,462,54.5,32.5,0,0
,,,,,0,
96.9,23.1,461,54.5,32.4,0,0
,,,,,0,
97.2,23.3,461,53.8,32.4,0,0
,,,,,0,
97.4,23.4,461,53.6,32.4,0,0
,,,,,0,
97.6,23.5,460,54,32.4,0,0
,,,,,0,
97.7,23.6,460,53.7,32.5,0,0
,,,,,0,
97.9,23.7,457,53.9,32.4,0,0
,,,,,0,
98,23.8,457,53.4,32.4,0,0
,,,,,0,
98.1,24,458,51.5,32.4,0,0
,,,,,0,
98.2,24.1,461,54.1,32.4,0,0
,,,,,0,
,,,,,,1
98.1,24.1,462,52,32.5,0,1
,,,,,0,
,,,,,,1
95.2,23.2,461,52.8,32.5,0,1
,,,,,0,
,,,,,,1
86.2,23.3,462,53.1,32.5,0,1
,,,,,,
80.6,23.5,460,53.1,32.5,1,1
,,,,,1,
90.5,23.7,457,52.6,32.5,1,1
92.5,23.5,455,52.7,32.5,1,1
,,,,,0,
92.7,23.2,455,52.3,32.5,0,1
,,,,,0,
87.8,22.8,453,53,32.5,0,1
,,,,,1,
84.6,22.8,452,53,32.6,1,1
,,,,,1,
90.7,22.8,451,51.3,32.6,1,1
92.9,22.6,452,53.8,32.6,1,1
,,,,,0,
94,22.3,451,54.4,32.6,0,1
,,,,,,
91.5,21.9,451,50.8,32.6,0,1
86.6,21.8,447,53.7,32.6,0,1
,,,,,1,
,,,,,,
86.1,21.9,445,52.1,32.5,1,0
,,,,,,0
91.3,22.2,444,50.6,32.5,1,0
93.9,22.4,443,52.1,32.5,1,0
,,,,,0,
95.5,22.6,443,51.7,32.5,0,0
,,,,,,
96.4,22.8,441,52.3,32.5,0,0
,,,,,0,
96.9,22.9,441,53,32.5,0,0
,,,,,0,
97.3,23.1,442,51.7,32.5,0,0
,,,,,0,
97.5,23.2,441,51.5,32.5,0,0
,,,,,0,
97.7,23.4,441,52,32.5,0,0
,,,,,0,
98,23.5,443,51.6,32.5,0,0
,,,,,0,
98.1,23.6,445,52.2,32.5,0,0
,,,,,0,
98.3,23.7,447,52.9,32.5,0,0
,,,,,0,
98.3,23.8,447,50.1,32.5,0,0
,,,,,0,
98.4,23.9,447,50.2,32.5,0,0
,,,,,0,
98.5,24.1,447,49.9,32.5,0,0
,,,,,0,
,,,,,,1
98.5,24,447,51.3,32.5,0,1
,,,,,0,
,,,,,,1
97.3,23.3,449,51.6,32.5,0,1
,,,,,0,
93.8,22.9,449,50.1,32.5,0,1
,,,,,0,
85.6,23,448,49.6,32.5,0,1
,,,,,1,
82.4,23.3,447,49.4,32.5,1,1
,,,,,1,
89.4,23.5,448,50.7,32.6,1,1
92,23.4,446,49,32.5,1,1
92.9,23.1,446,51.3,32.6,1,1
,,,,,,
93.8,22.7,445,51.2,32.6,0,1
,,,,,0,
90.7,22.2,446,51.6,32.6,0,1
84.2,22.1,447,49.9,32.5,0,1
,,,,,1,
81.9,22.2,447,50.6,32.6,1,1
,,,,,1,
90.1,22.4,447,50.3,32.6,1,1
92.3,22.2,448,50.1,32.6,1,1
,,,,,0,
93.4,22.1,449,50.8,32.5,0,1
,,,,,0,
90.9,21.6,448,50,32.5,0,1
,,,,,,0
86,21.6,448,49.1,32.5,0,0
,,,,,1,
,,,,,,0
89.1,21.8,447,48.5,32.5,1,0
,,,,,,0
93.1,22.1,447,50.7,32.5,1,0
,,,,,0,
94.7,22.2,449,51.2,32.6,0,0
,,,,,0,
95.9,22.4,452,51.3,32.5,0,0
,,,,,0,
96.4,22.6,452,50.8,32.5,0,0
,,,,,0,
96.9,22.7,454,51.5,32.5,0,0
,,,,,0,
97.2,22.8,453,51.2,32.5,0,0
,,,,,0,
97.4,23,453,51.7,32.5,0,0
,,,,,0,
97.6,23.1,455,49.4,32.5,0,0
,,,,,0,
97.8,23.2,455,50.1,32.5,0,0
,,,,,,
98,23.3,455,51.8,32.5,0,0
,,,,,0,
98.1,23.5,455,52.4,32.5,0,0
,,,,,0,
98.2,23.6,457,51.2,32.5,0,0
,,,,,0,
98.4,23.7,457,50.6,32.5,0,0
,,,,,0,
98.4,23.8,458,48.9,32.5,0,0
,,,,,0,
98.4,23.9,460,49.2,32.5,0,0
,,,,,0,
98.5,23.9,461,49.2,32.5,0,0
,,,,,0,
,,,,,0,1
98.4,24,459,49.8,32.5,0,1
,,,,,0,
,,,,,,1
98.2,24,461,50.4,32.5,0,1
,,,,,0,
,,,,,,1
98,24.3,463,51.3,32.5,0,1
,,,,,0,
,,,,,,1
98,24.7,465,51.4,32.5,0,1
,,,,,0,
,,,,,,1
95.7,24.2,466,50.3,32.5,0,1
,,,,,0,
,,,,,,1
86.5,24.1,466,52.1,32.5,0,1
,,,,,1,
,,,,,,1
82.9,24.4,465,50.8,32.5,1,1
,,,,,,
,,,,,,1
90.4,24.4,460,49.9,32.5,1,1
,,,,,,1
91.6,24,460,49.1,32.5,1,1
,,,,,,
92.9,23.6,460,49.2,32.5,1,1
,,,,,0,0
93.5,23.1,459,51.6,32.5,0,1
,,,,,0,
88.7,22.6,460,52,32.5,0,1
82.8,22.6,460,50.8,32.5,0,1
,,,,,1,
83.1,22.7,461,52.4,32.5,1,1
,,,,,1,
91.3,22.7,460,50.7,32.5,1,1
93,22.5,457,50,32.5,1,1
,,,,,0,
93.5,22.2,456,48.7,32.5,0,1
,,,,,0,
90.6,21.8,455,49.5,32.5,0,1
85.3,21.7,456,51.3,32.5,0,1
,,,,,1,
,,,,,,0
82.9,21.8,455,50.4,32.5,1,0
,,,,,1,
,,,,,,0
90.5,22.1,453,51,32.5,1,0
93.3,22.2,453,50.6,32.5,1,0
,,,,,0,
95.2,22.5,453,50.7,32.5,0,0
,,,,,0,
96.2,22.7,451,50.5,32.5,0,0
,,,,,0,
96.7,22.8,451,51.8,32.5,0,0
,,,,,0,
97.1,22.9,452,50.9,32.5,0,0
,,,,,0,
97.3,23.1,450,51.7,32.5,0,0
,,,,,,
97.6,23.2,454,51.7,32.5,0,0
,,,,,0,
97.8,23.4,454,51.8,32.5,0,0
,,,,,0,
97.9,23.5,451,51.4,32.5,0,0
,,,,,0,
98.1,23.6,450,52.5,32.5,0,0
,,,,,0,
98.1,23.7,451,51.8,32.5,0,0
,,,,,0,
98.3,23.8,449,49.8,32.5,0,0
,,,,,0,
98.4,23.9,450,51.3,32.5,0,0
,,,,,0,
98.4,24,450,50.8,32.5,0,0
,,,,,0,
98.5,24.1,450,50.2,32.5,0,0
,,,,,0,
,,,,,,1
98.3,24,450,51.2,32.5,0,1
,,,,,0,
,,,,,,1
98.1,24.1,450,50.1,32.5,0,1
,,,,,0,
,,,,,,1
98,24.4,452,51.5,32.5,0,1
,,,,,0,
,,,,,,1
98,24.7,452,50.4,32.5,0,1
,,,,,,
,,,,,,1
95.1,24.2,453,50,32.5,0,1
,,,,,0,
,,,,,,1
86.9,24.1,453,51.8,32.5,0,1
,,,,,1,
,,,,,,
82.6,24.2,457,51.2,32.5,1,1
,,,,,1,
89.8,24.3,457,50.3,32.5,1,1
,,,,,,1
91.3,24.1,457,50.1,32.5,1,1
,,,,,,1
92.2,23.8,455,51.1,32.5,1,1
,,,,,0,
,,,,,,1
92.8,23.4,457,51.2,32.5,0,1
,,,,,0,
88.6,23,455,51.7,32.5,0,1
82,22.8,452,51.2,32.5,0,1
,,,,,1,
82.5,22.9,453,51.4,32.5,1,1
,,,,,1,
91.1,22.9,450,50,32.5,1,1
92.5,22.6,447,50.4,32.5,1,1
,,,,,0,
93.2,22.3,447,50.3,32.5,0,1
,,,,,0,
90,21.9,447,50.1,32.5,0,1
84.1,21.8,446,51.5,32.5,0,1
,,,,,1,
,,,,,,0
85.2,22,444,50,32.5,1,0
,,,,,1,
91.7,22.2,444,51.5,32.5,1,0
94,22.4,445,50,32.5,1,0
,,,,,0,
95.4,22.6,444,51.5,32.5,0,0
,,,,,0,
96.2,22.7,444,50.6,32.4,0,0
,,,,,0,
96.7,22.8,448,51,32.4,0,0
,,,,,0,
97,23,448,51.5,32.4,0,0
,,,,,0,
97.3,23.2,445,51.6,32.4,0,0
,,,,,0,
97.6,23.3,444,51.8,32.4,0,0
,,,,,0,
97.8,23.4,448,51.5,32.4,0,0
,,,,,0,
97.9,23.5,449,52.1,32.4,0,0
,,,,,0,
98.1,23.6,450,49.9,32.4,0,0
,,,,,0,
98.2,23.8,449,49.7,32.4,0,0
,,,,,0,
98.3,23.9,450,48.8,32.4,0,0
,,,,,0,
98.4,24,452,50.5,32.4,0,0
,,,,,0,
98.5,24,453,50,32.5,0,0
,,,,,,
,,,,,,1
98.4,24,453,51.1,32.5,0,1
,,,,,0,
,,,,,,
98.1,24,454,50.6,32.5,0,1
,,,,,0,
,,,,,,1
98.1,24.2,452,50.7,32.4,0,1
,,,,,0,
,,,,,,1
98.2,24.5,452,51.1,32.4,0,1
,,,,,0,
,,,,,,1
97.6,24.4,452,50.5,32.5,0,1
,,,,,0,
,,,,,,
94.4,23.9,450,50.4,32.4,0,1
,,,,,0,
85.7,23.9,448,52,32.5,0,1
,,,,,1,
,,,,,,1
79.8,24.1,447,51.7,32.5,1,1
,,,,,1,
,,,,,,1
89,24.3,448,49.2,32.4,1,1
,,,,,,1
91.3,23.9,448,49.5,32.4,1,1
,,,,,,1
92.2,23.6,449,49.7,32.4,1,1
,,,,,0,
92.6,23,449,49.9,32.4,0,1
,,,,,0,
85.2,22.6,449,49.4,32.4,0,1
,,,,,1,
80.8,22.6,448,52,32.5,1,1
,,,,,1,
89.4,22.7,447,50.8,32.4,1,1
92,22.6,447,50.4,32.4,1,1
93.2,22.3,445,50.9,32.4,1,1
,,,,,0,
93.7,22.1,445,49.8,32.4,0,1
,,,,,0,
91.4,21.6,445,49.7,32.4,0,1
,,,,,,0
86.4,21.6,445,50.7,32.4,0,0
,,,,,1,
,,,,,,0
89.5,21.8,443,50.4,32.4,1,0
,,,,,,0
93.5,22.1,444,49.6,32.4,1,0
,,,,,0,
95,22.3,443,51.2,32.4,0,0
,,,,,0,
95.9,22.5,443,49.9,32.4,0,0
,,,,,0,
96.5,22.6,445,50.7,32.4,0,0
,,,,,0,
97,22.8,444,51.1,32.4,0,0
,,,,,0,
97.3,22.9,445,50.4,32.4,0,0
,,,,,0,
97.5,23.1,445,50.9,32.4,0,0
,,,,,0,
97.7,23.2,445,50.3,32.4,0,0
,,,,,,
97.9,23.3,444,51.3,32.3,0,0
,,,,,0,
98,23.5,444,51.4,32.3,0,0
,,,,,0,
98.2,23.6,446,49.7,32.4,0,0
,,,,,0,
98.4,23.7,446,50.7,32.4,0,0
,,,,,0,
98.4,23.8,447,50.6,32.4,0,0
,,,,,0,
98.4,23.9,448,51,32.4,0,0
,,,,,0,
98.5,24,449,51,32.4,0,0
,,,,,0,
,,,,,0,1
98.4,23.9,449,48.6,32.4,0,1
,,,,,0,
,,,,,,1
96.6,23.3,452,49.1,32.4,0,1
,,,,,0,
91.3,23,454,48.7,32.4,0,1
82.2,23.3,455,49,32.4,0,1
,,,,,,
80.1,23.5,454,50.3,32.5,1,1
,,,,,1,
87.9,23.7,453,49.8,32.5,1,1
,,,,,1,
91,23.5,452,50.8,32.5,1,1
92.4,23.2,451,50.2,32.5,1,1
,,,,,0,
93,22.8,450,50.5,32.5,0,1
,,,,,0,
88.5,22.3,450,49.8,32.5,0,1
82.5,22.2,450,50.7,32.5,0,1
,,,,,1,
80,22.3,446,48.7,32.5,1,1
,,,,,1,
89.8,22.4,447,50,32.5,1,1
91.9,22.3,447,49.8,32.4,1,1
93,22,446,50.4,32.4,1,1
,,,,,0,
94.1,21.8,444,48.2,32.4,0,1
,,,,,0,
,,,,,,0
92.7,21.5,442,48.9,32.4,0,0
,,,,,0,
,,,,,,0
92.3,21.6,443,50.7,32.4,0,0
,,,,,0,
,,,,,,0
92.7,21.8,443,50.6,32.4,0,0
,,,,,0,
,,,,,,0
93.1,22,443,49.6,32.4,0,0
,,,,,0,
93.3,22.2,444,49.2,32.4,0,0
,,,,,0,
93.4,22.3,444,50.8,32.4,0,0
,,,,,0,
93.5,22.5,441,50.7,32.4,0,0
,,,,,0,
93.5,22.6,443,50.8,32.4,0,0
,,,,,0,
93.6,22.8,442,50.8,32.4,0,0
,,,,,0,
93.6,22.9,443,51.2,32.4,0,0
,,,,,0,
93.5,23.1,445,50.7,32.4,0,0
,,,,,0,
93.3,23.2,446,51.2,32.4,0,0
,,,,,0,
93,23.4,446,50.3,32.4,0,0
,,,,,0,
92.6,23.5,446,49.7,32.4,0,0
,,,,,0,
92,23.7,448,49.3,32.4,0,0
91.2,23.9,451,50,32.4,0,0
,,,,,,1
90.7,24.1,454,50,32.4,0,1
,,,,,,1
91.2,24.4,454,50.6,32.4,0,1
,,,,,,
92.3,24.6,451,49.9,32.4,0,1
,,,,,0,0
93.3,24.9,451,50,32.4,0,1
,,,,,0,
,,,,,,1
94.1,25,451,50.3,32.4,0,1
,,,,,0,
,,,,,,1
87.2,24.8,453,50,32.4,0,1
,,,,,1,
,,,,,,1
82.9,24.8,452,51,32.4,1,1
,,,,,1,
,,,,,,1
88.8,24.7,451,49.7,32.4,1,1
,,,,,,1
91,24.2,449,51.2,32.4,1,1
,,,,,,1
92.1,23.8,447,50.6,32.4,1,1
,,,,,0,
,,,,,,1
91.6,23.2,445,50.2,32.4,0,1
85.3,22.9,445,50.8,32.4,0,1
,,,,,1,
81.8,22.8,445,50.1,32.4,1,1
,,,,,1,
89.2,22.9,444,51.4,32.4,1,1
92,22.7,442,50.6,32.4,1,1
93.2,22.4,441,49.7,32.4,1,1
,,,,,0,
93.7,22.1,440,49.6,32.4,0,1
,,,,,0,
90.8,21.6,442,49.1,32.4,0,1
,,,,,,0
85.8,21.6,441,50.6,32.4,0,0
,,,,,1,
,,,,,0,0
86.9,21.8,442,50.2,32.4,1,0
,,,,,1,
,,,,,,0
92,22.1,440,51,32.4,1,0
94.2,22.3,439,51.3,32.4,1,0
,,,,,0,
95.4,22.5,437,51.3,32.4,0,0
,,,,,,
96.3,22.7,437,51.1,32.4,0,0
,,,,,0,
96.9,22.9,435,51.6,32.3,0,0
,,,,,0,
97.2,23.1,432,52.2,32.4,0,0
,,,,,0,
97.5,23.2,434,51.9,32.3,0,0
,,,,,0,
97.7,23.4,435,51.7,32.3,0,0
,,,,,0,
97.9,23.5,436,51.8,32.4,0,0
,,,,,0,
98.1,23.6,436,51.8,32.4,0,0
,,,,,0,
98.2,23.7,436,51.5,32.4,0,0
,,,,,0,
98.4,23.9,437,50.9,32.4,0,0
,,,,,0,
98.4,24,435,50,32.4,0,0
,,,,,,
98.5,24.1,435,50.8,32.4,0,0
,,,,,0,
98.6,24.2,434,50.5,32.4,0,0
,,,,,0,
,,,,,,1
98.5,24.2,436,51.2,32.4,0,1
,,,,,0,
,,,,,,1
98.4,24.2,438,51.7,32.4,0,1
,,,,,0,
,,,,,,
98.4,24.4,438,51.4,32.4,0,1
,,,,,,
,,,,,,1
98.5,24.6,437,50.6,32.4,0,1
,,,,,0,
,,,,,,
97.1,24.1,439,51.1,32.4,0,1
,,,,,0,
,,,,,,1
90.7,23.8,442,52.2,32.4,0,1
,,,,,,1
81.1,24,442,52.6,32.4,0,1
,,,,,1,
,,,,,,
77.6,24.2,440,52.5,32.4,1,1
,,,,,1,
,,,,,,1
87.9,24.3,438,50.5,32.4,1,1
,,,,,1,
,,,,,,
90.6,24.1,438,50.1,32.4,1,1
,,,,,,1
92.1,23.7,439,51.1,32.4,1,1
,,,,,0,0
92.8,23.2,438,50.1,32.4,0,1
,,,,,0,
87.7,22.7,438,52.4,32.4,0,1
,,,,,1,
82.3,22.6,436,51.3,32.4,1,1
,,,,,1,
89,22.7,435,51.2,32.4,1,1
92.2,22.5,434,51.2,32.4,1,1
,,,,,0,
93,22.2,432,51.8,32.4,0,1
,,,,,0,
89.8,21.8,432,51.2,32.4,0,1
,,,,,,0
84.3,21.8,431,51.8,32.4,0,0
,,,,,1,
,,,,,,0
88.2,22.1,431,51.2,32.4,1,0
92.1,22.3,431,52,32.4,1,0
,,,,,0,
94.3,22.5,429,52,32.4,0,0
95.4,22.7,430,51.6,32.4,0,0
,,,,,0,
96,22.8,429,51.4,32.3,0,0
,,,,,0,
96.5,22.9,429,51.6,32.4,0,0
,,,,,0,
96.9,23.1,430,51.6,32.3,0,0
,,,,,0,
97.1,23.2,431,51.2,32.3,0,0
,,,,,0,
97.4,23.3,431,51.3,32.3,0,0
,,,,,0,
97.6,23.4,432,52.1,32.3,0,0
,,,,,0,
97.7,23.5,431,52,32.3,0,0
,,,,,0,
97.9,23.7,430,52.4,32.3,0,0
,,,,,0,
98,23.8,431,51.8,32.3,0,0
,,,,,0,
98,23.9,431,50.9,32.3,0,0
,,,,,0,
98.1,23.9,433,51.9,32.3,0,0
,,,,,0,
98.1,24,434,51.3,32.4,0,0
,,,,,0,
,,,,,0,1
98,24,436,52,32.4,0,1
,,,,,0,
,,,,,,1
97.4,24,436,52,32.4,0,1
,,,,,0,
,,,,,,1
97,24.2,434,51.2,32.3,0,1
,,,,,0,
,,,,,,1
96.9,24.6,435,51.8,32.3,0,1
,,,,,0,
,,,,,,1
96.2,24.6,437,51.9,32.3,0,1
,,,,,0,
,,,,,,1
87.8,24.3,437,52.6,32.3,0,1
,,,,,1,
,,,,,,1
83.2,24.4,437,52.4,32.3,1,1
,,,,,,
,,,,,,1
89.9,24.4,435,51.3,32.3,1,1
,,,,,,1
91.4,24.1,433,52.3,32.3,1,1
,,,,,,
92.6,23.8,433,52.2,32.3,1,1
,,,,,0,0
92.7,23.4,433,52.3,32.3,0,1
,,,,,0,
86.8,22.8,431,52.1,32.3,0,1
,,,,,1,
81.8,22.8,431,52,32.3,1,1
,,,,,1,
89.1,22.9,430,52.6,32.3,1,1
92.2,22.7,430,50.9,32.4,1,1
,,,,,,
93.3,22.3,431,51.5,32.3,0,1
,,,,,0,
89.7,22,431,51.6,32.3,0,1
84,21.9,432,50,32.3,0,1
,,,,,1,
,,,,,,0
84.8,22.1,430,51.6,32.3,1,0
,,,,,1,
91.7,22.3,427,50.8,32.3,1,0
94.2,22.5,426,51.5,32.3,1,0
,,,,,0,
95.3,22.7,425,51,32.3,0,0
,,,,,0,
96.1,22.8,425,51.4,32.3,0,0
,,,,,0,
96.6,22.9,424,51.5,32.3,0,0
,,,,,0,
97,23.1,426,51.4,32.3,0,0
,,,,,0,
97.3,23.2,428,52,32.3,0,0
,,,,,0,
97.5,23.3,429,52,32.3,0,0
,,,,,0,
97.7,23.5,428,51.5,32.3,0,0
,,,,,,
97.9,23.6,427,51.9,32.3,0,0
,,,,,0,
98,23.7,428,52.2,32.3,0,0
,,,,,0,
98.1,23.8,428,52.3,32.3,0,0
,,,,,0,
98.2,23.9,429,50.8,32.3,0,0
,,,,,0,
98.3,24,430,50.2,32.3,0,0
,,,,,0,
98.4,24.1,432,50.8,32.3,0,0
,,,,,0,
,,,,,,1
98.3,24,434,51.9,32.3,0,1
,,,,,0,
,,,,,,1
97.7,23.8,437,50.8,32.3,0,1
,,,,,,
,,,,,,1
97.6,24.1,437,51.1,32.3,0,1
,,,,,0,
,,,,,,1
97.6,24.3,438,51.5,32.3,0,1
,,,,,0,
,,,,,,
97.6,24.5,439,51.8,32.3,0,1
,,,,,0,
96,24.2,439,52.3,32.3,0,1
,,,,,0,
,,,,,,1
88.6,24,439,52.1,32.3,0,1
,,,,,,1
81.2,24.1,436,52,32.3,0,1
,,,,,1,
,,,,,,1
78.6,24.2,437,51.1,32.3,1,1
,,,,,1,
,,,,,,
87.4,24.3,436,50.3,32.3,1,1
,,,,,1,
90.3,24.1,436,50.4,32.3,1,1
,,,,,,1
92.1,23.7,433,51.3,32.3,1,1
,,,,,0,
,,,,,,1
91.6,23.2,431,50.8,32.3,0,1
85.6,22.8,431,51.6,32.3,0,1
,,,,,1,
84.2,22.8,430,49.9,32.3,1,1
,,,,,1,
91.7,22.7,431,50,32.3,1,1
92.9,22.4,431,51.2,32.3,1,1
,,,,,0,
93.4,22.2,429,51.5,32.3,0,1
,,,,,0,
90.5,21.7,428,52.4,32.3,0,1
,,,,,,
85.8,21.7,425,50.5,32.3,0,0
,,,,,1,0
87.1,21.9,426,50.6,32.3,1,0
,,,,,1,
,,,,,,0
92.7,22.2,426,51.9,32.3,1,0
,,,,,0,
94.7,22.4,427,51.2,32.3,0,0
,,,,,0,
95.6,22.6,427,51,32.2,0,0
,,,,,0,
96.2,22.7,426,51.4,32.3,0,0
,,,,,0,
96.7,22.9,427,51.8,32.3,0,0
,,,,,,
97,23,429,51.5,32.2,0,0
,,,,,0,
97.2,23.1,430,51.5,32.2,0,0
,,,,,0,
97.5,23.3,431,50.9,32.2,0,0
,,,,,0,
97.7,23.4,431,51.2,32.2,0,0
,,,,,0,
97.8,23.5,431,52.5,32.2,0,0
,,,,,0,
97.9,23.6,431,52.3,32.2,0,0
,,,,,0,
98.1,23.7,434,51,32.2,0,0
,,,,,0,
98.2,23.8,434,50.7,32.3,0,0
,,,,,0,
98.2,23.9,433,50.4,32.3,0,0
98.3,24,432,51.5,32.3,0,0
,,,,,0,
,,,,,,1
98.2,24,433,52.6,32.3,0,1
,,,,,0,
,,,,,,1
97.9,24,434,50.9,32.3,0,1
,,,,,0,
,,,,,,1
97.6,24.2,438,50.9,32.2,0,1
,,,,,,
,,,,,,1
97.5,24.5,437,51.7,32.3,0,1
,,,,,0,
,,,,,,1
97.3,24.6,433,52.7,32.2,0,1
,,,,,0,
,,,,,,
93.8,24.2,432,52.4,32.3,0,1
,,,,,0,
85.4,24.2,430,52.9,32.2,0,1
,,,,,1,
,,,,,,1
79.1,24.3,429,52.1,32.3,1,1
,,,,,1,
,,,,,,1
87.8,24.5,429,52.5,32.3,1,1
,,,,,1,
,,,,,,1
90.2,24.2,429,51.7,32.3,1,1
,,,,,,
91.7,23.9,429,52.5,32.3,1,1
,,,,,,1
92.3,23.5,428,52.3,32.2,1,1
,,,,,0,
92.9,23.1,427,53.9,32.2,0,1
,,,,,,
88.9,22.6,428,51.7,32.2,0,1
82.9,22.5,428,52.8,32.2,0,1
,,,,,1,
85,22.6,428,53.2,32.3,1,1
,,,,,1,
90.6,22.6,425,51.8,32.2,1,1
92.5,22.3,427,50.9,32.2,1,1
,,,,,0,
93.6,22,426,51.8,32.2,0,1
,,,,,,
91.7,21.6,426,51.9,32.2,0,1
86.3,21.5,425,50.6,32.2,0,1
,,,,,1,
,,,,,,0
86.7,21.7,427,52.7,32.2,1,0
,,,,,1,
,,,,,,0
92.5,22,427,52.9,32.2,1,0
,,,,,0,
94.8,22.2,427,51.9,32.2,0,0
,,,,,0,
95.8,22.3,429,52.8,32.2,0,0
,,,,,0,
96.3,22.5,427,52.4,32.2,0,0
,,,,,0,
96.7,22.6,428,52.6,32.2,0,0
,,,,,0,
97.1,22.8,429,53.3,32.2,0,0
,,,,,0,
97.3,22.9,431,53.3,32.1,0,0
,,,,,0,
97.6,23.1,431,53.4,32.2,0,0
,,,,,0,
97.8,23.2,429,53.6,32.2,0,0
,,,,,0,
97.9,23.3,429,53.8,32.2,0,0
,,,,,0,
98,23.4,430,53,32.2,0,0
,,,,,0,
98.2,23.6,430,53.8,32.2,0,0
,,,,,0,
98.4,23.7,432,52.2,32.2,0,0
,,,,,0,
98.4,23.8,434,51.9,32.2,0,0
,,,,,0,
98.5,23.9,434,52.4,32.2,0,0
98.5,24,435,53.6,32.2,0,0
,,,,,0,
,,,,,,1
98.4,24.1,435,52.4,32.2,0,1
,,,,,0,
,,,,,,1
98.3,24.3,435,53.2,32.2,0,1
,,,,,0,
,,,,,,1
98.4,24.6,435,53.2,32.2,0,1
,,,,,0,
,,,,,,1
97.4,24.4,432,53.6,32.2,0,1
,,,,,0,
,,,,,,1
92,24,435,54.4,32.2,0,1
,,,,,,1
82,24.1,435,53.7,32.2,0,1
,,,,,1,
,,,,,,
78.6,24.2,436,52.7,32.2,1,1
,,,,,1,
,,,,,,1
88,24.4,434,52.6,32.2,1,1
,,,,,,1
90.6,24.1,432,52.8,32.2,1,1
,,,,,,1
91.7,23.7,431,52.7,32.2,1,1
,,,,,,
92.6,23.4,430,53.5,32.2,1,1
,,,,,0,0
93.3,23,431,54,32.2,0,1
,,,,,0,
88.7,22.5,428,54.2,32.2,0,1
83.3,22.4,427,54.1,32.2,0,1
,,,,,1,
82,22.5,427,53.3,32.2,1,1
,,,,,1,
89.8,22.6,425,52.3,32.1,1,1
92.1,22.4,423,52.9,32.2,1,1
,,,,,0,
93.4,22.2,424,53.8,32.2,0,1
,,,,,0,
90.7,21.6,423,52.1,32.2,0,1
,,,,,,0
85.8,21.6,424,53.6,32.2,0,0
,,,,,1,
,,,,,,0
89.2,21.9,421,52.2,32.2,1,0
,,,,,,0
93.3,22.2,421,52.4,32.1,1,0
,,,,,0,
94.9,22.3,424,53.1,32.2,0,0
,,,,,0,
95.9,22.5,425,52.4,32.1,0,0
,,,,,0,
96.5,22.6,425,52.4,32.1,0,0
,,,,,0,
96.9,22.8,425,53.2,32.1,0,0
,,,,,0,
97.2,22.9,425,53.1,32.1,0,0
,,,,,0,
97.5,23.1,423,53.6,32.1,0,0
,,,,,0,
97.7,23.2,426,53,32.1,0,0
,,,,,0,
97.9,23.3,429,54.2,32.1,0,0
,,,,,0,
98,23.4,428,53.4,32.1,0,0
,,,,,0,
98.2,23.6,428,52.4,32.1,0,0
,,,,,0,
98.3,23.7,427,52.5,32.2,0,0
,,,,,0,
98.4,23.8,426,52.3,32.1,0,0
,,,,,0,
98.5,23.9,425,53.8,32.2,0,0
,,,,,,
98.5,24,427,52.6,32.2,0,0
,,,,,0,
98.6,24.1,428,53.3,32.2,0,0
,,,,,0,
,,,,,,1
98.5,24.1,430,53.1,32.2,0,1
,,,,,0,
,,,,,,
98.4,24.3,430,53.4,32.2,0,1
,,,,,,1
98.5,24.5,432,53.4,32.2,0,1
,,,,,0,
,,,,,,1
98.1,24.5,429,53.6,32.2,0,1
,,,,,0,
,,,,,,1
94.7,23.9,430,53.7,32.2,0,1
,,,,,,
,,,,,,1
84.2,24,432,54.8,32.2,0,1
,,,,,1,
,,,,,,
79.6,24.2,430,52.5,32.1,1,1
,,,,,,
,,,,,,1
88.6,24.4,428,53.1,32.2,1,1
,,,,,,1
91.1,24.1,426,52.4,32.2,1,1
,,,,,,
92,23.7,427,52.8,32.2,1,1
92.6,23.4,425,54.3,32.1,1,1
,,,,,0,
92.4,22.9,424,54.1,32.2,0,1
,,,,,0,
87.4,22.6,421,54.4,32.1,0,1
,,,,,1,
85,22.6,420,53.2,32.2,1,1
,,,,,1,
90.3,22.6,421,52.9,32.2,1,1
92.5,22.5,423,52.3,32.2,1,1
,,,,,0,
93.8,22.2,421,54.1,32.1,0,1
,,,,,0,
91.8,21.7,421,52.2,32.1,0,1
,,,,,,0
86.2,21.6,420,53.4,32.2,0,0
,,,,,1,
,,,,,,0
89.2,22,420,53.2,32.1,1,0
93.2,22.2,421,52.7,32.1,1,0
,,,,,0,
94.9,22.4,423,53.9,32.1,0,0
95.8,22.6,422,53.9,32.1,0,0
,,,,,0,
96.3,22.7,422,53.6,32.1,0,0
,,,,,0,
96.7,22.8,422,54,32.1,0,0
,,,,,0,
97.1,23,421,54.2,32.1,0,0
,,,,,0,
97.3,23.1,420,54.2,32.1,0,0
,,,,,0,
97.6,23.2,422,53.4,32.1,0,0
,,,,,0,
97.8,23.4,421,54.4,32.1,0,0
,,,,,0,
98,23.5,422,55,32.1,0,0
,,,,,0,
98.1,23.6,422,52.2,32.1,0,0
,,,,,0,
98.2,23.7,421,52.9,32.1,0,0
,,,,,0,
98.3,23.8,420,52.5,32.1,0,0
,,,,,,
98.4,23.9,421,52.7,32.1,0,0
,,,,,0,
98.5,24,423,51.8,32.1,0,0
,,,,,0,
,,,,,,1
98.4,24,425,53.6,32.1,0,1
,,,,,0,
,,,,,,1
98.2,24.1,423,53.2,32.1,0,1
,,,,,0,
,,,,,,1
98.2,24.3,423,54,32.1,0,1
,,,,,0,
,,,,,,1
98.2,24.6,423,54.1,32.1,0,1
,,,,,,
,,,,,,1
95.5,24,422,54.7,32.1,0,1
,,,,,0,
,,,,,,1
87.6,23.9,422,54.5,32.1,0,1
,,,,,1,
,,,,,,1
82.8,24.2,421,54.5,32.1,1,1
,,,,,1,
89.9,24.3,421,54.3,32.1,1,1
,,,,,,1
91.8,24,420,54.3,32.1,1,1
,,,,,,1
92.5,23.7,418,52.8,32.1,1,1
,,,,,0,
,,,,,,
93.1,23.4,419,53,32.1,0,1
,,,,,,
89.5,22.9,417,53.6,32.1,0,1
82.8,22.7,416,54.9,32.1,0,1
,,,,,1,
82.9,22.8,417,55,32.1,1,1
,,,,,1,
89.7,22.9,417,53.6,32.1,1,1
92.2,22.6,415,52.3,32.1,1,1
,,,,,0,
93.7,22.3,414,52.7,32.1,0,1
,,,,,0,
91.3,21.8,415,52.2,32.1,0,1
85.5,21.7,415,53.1,32.1,0,1
,,,,,1,
,,,,,,0
83.1,21.8,416,52.8,32.1,1,0
,,,,,1,
,,,,,,0
91.1,22.2,415,53.3,32.1,1,0
93.7,22.3,412,53.7,32.1,1,0
,,,,,0,
95.4,22.5,414,53.5,32.1,0,0
96.1,22.7,414,52.5,32.1,0,0
,,,,,0,
96.7,22.8,414,52.6,32.1,0,0
,,,,,0,
97,23,415,52.8,32.1,0,0
,,,,,0,
97.3,23.1,414,53.2,32,0,0
,,,,,0,
97.6,23.3,413,54.2,32,0,0
,,,,,0,
97.8,23.4,415,54.3,32,0,0
,,,,,0,
98,23.5,418,54.9,32,0,0
,,,,,0,
98.1,23.6,419,54.8,32.1,0,0
,,,,,0,
98.2,23.7,419,54.1,32,0,0
,,,,,0,
98.4,23.8,418,53,32,0,0
,,,,,0,
98.5,23.9,418,52.9,32.1,0,0
,,,,,0,
98.5,24,420,53.4,32,0,0
,,,,,0,
,,,,,,1
98.5,24.1,418,53.9,32.1,0,1
,,,,,0,
,,,,,,
98.2,23.9,419,54.2,32.1,0,1
,,,,,0,
98.1,24,419,54.1,32,0,1
,,,,,0,
,,,,,,1
98.1,24.2,418,53.4,32,0,1
,,,,,0,
,,,,,,1
98.2,24.5,419,54.1,32.1,0,1
,,,,,0,
,,,,,,1
97,24.1,418,53.6,32,0,1
,,,,,0,
,,,,,,1
90.1,23.8,420,54.9,32.1,0,1
,,,,,,1
80.9,24,422,54.6,32,0,1
,,,,,1,
,,,,,,1
78.5,24.1,422,54.2,32.1,1,1
,,,,,1,
,,,,,,1
88.1,24.3,421,52.7,32.1,1,1
,,,,,,1
91.1,23.9,419,54,32,1,1
,,,,,,1
91.5,23.6,418,54.8,32.1,1,1
92.6,23.3,417,53.9,32.1,1,1
,,,,,0,
93.7,22.9,419,54.7,32.1,0,1
,,,,,0,
89.7,22.3,418,53.4,32.1,0,1
83.9,22.3,419,53.7,32.1,0,1
,,,,,1,
82.7,22.4,420,53.7,32.1,1,1
,,,,,1,
90.6,22.5,419,54.7,32.1,1,1
92.5,22.3,419,52.3,32,1,1
,,,,,0,
94,22,419,54.1,32,0,1
,,,,,0,
91.1,21.5,418,53.1,32,0,1
,,,,,,0
86.3,21.4,417,53.1,32,0,0
,,,,,1,
,,,,,,0
89.2,21.8,415,54.4,32,1,0
,,,,,,0
93.6,22,414,53.9,32,1,0
,,,,,0,
95.1,22.2,414,54.3,32.1,0,0
,,,,,0,
96,22.4,415,53.3,32,0,0
,,,,,0,
96.6,22.5,415,54,32,0,0
,,,,,0,
97,22.7,416,53.9,32,0,0
,,,,,0,
97.2,22.9,416,53.9,32,0,0
,,,,,0,
97.5,23,416,53.6,32,0,0
,,,,,0,
97.7,23.1,416,54.2,32,0,0
,,,,,0,
98,23.3,418,54.8,32,0,0
,,,,,0,
98.1,23.4,417,55,32,0,0
,,,,,0,
98.2,23.5,419,52.6,32,0,0
,,,,,0,
98.4,23.6,421,52.7,32,0,0
,,,,,0,
98.5,23.8,422,53,32,0,0
,,,,,0,
98.6,23.8,421,52.5,32,0,0
,,,,,0,
98.6,24,423,52.7,32,0,0
,,,,,0,
,,,,,0,1
98.7,24,424,53.9,32,0,1
,,,,,0,
,,,,,,1
98.4,24,426,54.2,32,0,1
,,,,,0,
,,,,,,1
98.5,24.2,426,54.3,32,0,1
,,,,,0,
,,,,,,1
98.6,24.4,422,54.2,32,0,1
,,,,,0,
,,,,,,1
97.7,24.2,425,54.7,32,0,1
,,,,,0,
,,,,,,1
92,23.7,422,55.2,32,0,1
,,,,,,1
82,23.8,423,55.1,32,0,1
,,,,,1,
,,,,,,1
79.6,24,423,54.7,32,1,1
,,,,,1,
,,,,,,1
88.8,24.1,423,54.9,32,1,1
,,,,,,1
91.5,23.8,424,54.1,32.1,1,1
,,,,,,
92.3,23.5,422,53.5,32.1,1,1
,,,,,0,
92.6,22.9,420,55.1,32,0,1
,,,,,0,
87.5,22.5,421,54.9,32,0,1
,,,,,1,
84.1,22.5,422,55.6,32,1,1
,,,,,1,
90.6,22.6,420,55.3,32,1,1
92.5,22.4,420,54.1,32,1,1
,,,,,0,
93.8,22.2,417,53.9,32,0,1
,,,,,0,
91.7,21.7,417,53.6,32,0,1
,,,,,,0
86.8,21.7,416,55.1,32,0,0
88.4,21.9,414,54.7,32,0,0
,,,,,,0
89.7,22.1,415,53.5,32,0,0
90.5,22.2,416,54.3,32,0,0
91.3,22.5,415,54.6,32,0,0
91.7,22.6,416,54.6,32,0,0
92,22.8,417,55,32,0,0
92.2,22.9,419,55,32,0,0
,,,,,0,
92.4,23.1,419,55.2,31.9,0,0
,,,,,0,
92.5,23.2,417,55.1,31.9,0,0
92.7,23.4,415,55.4,32,0,0
,,,,,0,
92.8,23.5,413,55.2,32,0,0
,,,,,0,
92.9,23.7,415,53.8,32,0,0
,,,,,0,
92.7,23.8,417,53.1,32,0,0
,,,,,0,
92.4,23.9,418,53.5,32,0,0
,,,,,0,
,,,,,,1
90.2,24,418,54.3,32,0,1
,,,,,,1
83.7,24.1,419,54.9,32,0,1
,,,,,1,
,,,,,,1
89.9,24.5,418,53.9,32,1,1
,,,,,,1
94.1,24.7,418,54.3,32,1,1
,,,,,0,
,,,,,,1
95.8,24.8,420,54.6,32,0,1
,,,,,0,
,,,,,,1
96.3,24.9,420,55.4,32,0,1
,,,,,0,
,,,,,,1
94.7,24.4,420,54.8,31.9,0,1
,,,,,0,
,,,,,,1
86,24.1,418,55.1,31.9,0,1
,,,,,1,
,,,,,,
82.3,24.2,420,54.8,32,1,1
,,,,,1,
89.3,24.2,421,53.6,32,1,1
,,,,,,1
91.5,24,421,54.2,32,1,1
,,,,,,1
92.5,23.6,420,53.1,32,1,1
,,,,,0,
93.6,23.2,420,53.8,32,0,1
,,,,,0,
90.1,22.6,420,53.3,32,0,1
83.2,22.5,420,54.8,32,0,1
,,,,,1,
84.3,22.7,419,54.5,31.9,1,1
,,,,,1,
89.9,22.7,419,53.7,32,1,1
92.5,22.5,417,55.5,32,1,1
,,,,,0,
93.8,22.2,417,54,31.9,0,1
,,,,,0,
91.9,21.8,416,54.9,31.9,0,1
,,,,,,0
86.8,21.7,417,54.8,31.9,0,0
,,,,,1,
,,,,,,0
88,21.9,415,54.9,32,1,0
,,,,,,0
92.4,22.2,415,54.4,32,1,0
,,,,,0,
94.4,22.4,417,54.2,31.9,0,0
,,,,,,
95.4,22.5,417,53.4,31.9,0,0
,,,,,0,
96,22.7,418,53.7,31.9,0,0
,,,,,0,
96.6,22.8,418,54.1,32,0,0
,,,,,0,
96.9,23,419,53.8,31.9,0,0
,,,,,0,
97.2,23.1,420,54.3,31.9,0,0
,,,,,0,
97.4,23.3,419,55.6,31.9,0,0
,,,,,0,
97.6,23.4,418,55.8,31.9,0,0
